,leaid,rla_score,math_score
0,100005,32,37.0
1,100006,40,43.0
2,100007,69,70.0
3,100008,71,75.0
6,100013,70,73.0
16,100190,57,58.0
20,100210,64,72.0
21,100240,56,53.0
22,100270,50,53.0
26,100390,23,18.0
27,100420,48,46.0
31,100540,40,40.0
34,100660,37,38.0
46,101020,46,47.0
50,101140,34,37.0
51,101170,37,35.0
53,101230,40,39.0
55,101290,47,53.0
56,101320,54,58.0
58,101380,43,44.0
62,101530,50,53.0
65,101620,33,35.0
75,101770,45,42.0
76,101800,50,47.0
77,101830,36,39.0
80,101920,36,31.0
83,102010,47,50.0
84,102040,35,38.0
85,102070,37,41.0
86,102100,44,39.0
90,102220,54,55.0
94,102370,32,37.0
96,102430,34,27.0
97,102480,45,45.0
98,102490,89,91.0
101,102580,44,47.0
107,102700,35,38.0
118,103030,58,61.0
119,103062,47,52.0
123,103180,34,34.0
129,103360,36,34.0
130,103390,41,45.0
132,103430,81,82.0
133,103450,43,33.0
138,200001,8,5.0
155,200180,35,25.0
156,200210,40,32.0
162,200390,40,24.0
166,200510,39,24.0
171,200600,30,23.0
192,400001,70,69.0
248,400103,8,12.0
254,400112,53,51.0
291,400197,36,40.0
334,400273,11,16.0
347,400295,37,35.0
362,400329,35,33.0
370,400345,42,43.0
371,400347,36,39.0
372,400348,39,38.0
431,400432,35,28.0
442,400450,51,57.0
452,400612,15,22.0
455,400615,44,53.0
474,400680,47,47.0
482,400752,40,41.0
496,400772,40,40.0
514,400794,39,41.0
619,400920,23,21.0
670,401410,29,41.0
677,401740,32,36.0
680,401870,63,65.0
695,402690,39,41.0
699,402860,42,38.0
700,402920,34,30.0
710,403400,63,66.0
712,403450,49,56.0
717,403780,59,64.0
738,404630,45,43.0
744,404970,43,48.0
765,405930,46,49.0
773,406250,45,60.0
775,406330,30,38.0
801,407570,57,62.0
805,407750,59,59.0
814,408170,18,18.0
818,408340,56,59.0
823,408520,30,28.0
828,408800,41,39.0
830,408850,60,65.0
847,409630,21,20.0
848,409731,51,57.0
855,500015,44,35.0
857,500017,35,24.0
858,500019,44,33.0
862,500026,17,6.0
870,500042,36,23.0
871,500043,54,37.0
872,500044,36,23.0
877,500049,42,38.0
896,500394,43,20.0
898,500398,48,30.0
913,500417,46,15.0
915,500419,25,15.0
916,502250,49,36.0
927,502880,48,40.0
928,502960,56,46.0
929,503030,43,28.0
930,503060,62,50.0
935,503320,15-19,8.0
940,503640,53,34.0
941,503690,56,45.0
943,503750,54,43.0
955,504380,43,29.0
958,504590,48,40.0
964,504930,46,44.0
975,505680,37,23.0
979,506060,30,18.0
980,506090,50,37.0
981,506120,58,47.0
985,506270,18,10.0
986,506330,47,34.0
994,506900,70,61.0
996,506990,71,52.0
1004,507380,51,38.0
1014,507890,31,16.0
1017,508040,28,15.0
1018,508130,40,30.0
1020,508280,38,27.0
1024,508610,51,39.0
1026,508670,55,44.0
1030,509000,31,22.0
1038,509390,31,22.0
1059,510440,43,25.0
1061,510680,32,20.0
1071,511610,51,48.0
1076,511850,36,22.0
1078,511970,49,33.0
1080,512060,53,36.0
1083,512210,53,39.0
1085,512450,46,39.0
1088,512520,45-49,27.0
1089,512540,49,34.0
1092,512660,40,33.0
1095,513080,49,35.0
1096,513110,36,26.0
1099,513380,76,55.0
1100,513410,51,36.0
1101,513530,56,42.0
1104,513930,21,10.0
1108,514140,46,33.0
1111,514430,44,29.0
1121,600013,74,58.0
1122,600014,39,21.0
1124,600016,58,27.0
1125,600017,46,18.0
1127,600019,79,63.0
1128,600020,81,68.0
1131,600025,83,71.0
1133,600027,44,19.0
1134,600028,76,44.0
1135,600029,62,35.0
1137,600032,56,52.0
1139,600034,55,26.0
1141,600036,51,25.0
1151,600047,54,28.0
1152,600048,58,34.0
1158,600062,49,30.0
1160,600064,56,23.0
1161,600065,54,15.0
1164,600069,50-54,28.0
1166,600153,64,54.0
1167,600158,62,27.0
1172,601332,44,18.0
1176,601414,59,40.0
1180,601421,39,21.0
1187,601620,73,49.0
1188,601650,81,68.0
1191,601770,68,52.0
1205,602430,41,16.0
1208,602630,52,24.0
1209,602670,68,45.0
1210,602700,54,29.0
1213,602820,37,12.0
1214,602850,44,17.0
1215,602970,64,62.0
1217,603030,57,35.0
1222,603300,53,25.0
1225,603600,54,24.0
1228,603690,51,24.0
1232,603840,34,10.0
1234,604020,39,15.0
1240,604290,54,23.0
1243,604440,62,26.0
1247,604620,57,41.0
1249,604740,66,53.0
1251,604830,80,57.0
1267,605610,78,42.0
1272,605820,56,28.0
1273,605880,59,48.0
1286,606450,65,38.0
1298,606900,44,24.0
1305,607230,69,43.0
1309,607440,74,49.0
1311,607500,66,52.0
1317,607800,65,54.0
1319,607900,52,28.0
1320,607920,46,13.0
1322,607970,49,13.0
1324,608010,57,18.0
1326,608130,54,25.0
1327,608160,65,37.0
1328,608190,45,26.0
1331,608370,62,43.0
1332,608460,57,36.0
1339,608760,70,48.0
1343,609030,76,48.0
1344,609070,37,14.0
1350,609390,50,19.0
1355,609620,28,9.0
1356,609640,62,47.0
1361,609850,65,37.0
1363,609940,55,35.0
1365,610050,58,28.0
1367,610260,73,36.0
1373,610620,77,67.0
1378,610860,64,36.0
1383,611110,54,20.0
1388,611460,57,27.0
1398,611820,61,40.0
1404,612070,68,53.0
1406,612120,56,30.0
1408,612180,52,25.0
1409,612210,80,68.0
1410,612330,56,34.0
1420,612910,56,23.0
1427,613360,49,22.0
1430,613530,51,24.0
1436,613890,68,48.0
1437,613920,53,24.0
1448,614400,78,66.0
1449,614430,80,75.0
1452,614550,42,15.0
1455,614760,62,42.0
1457,614820,47,29.0
1458,614880,65,44.0
1466,615180,57,32.0
1467,615240,67,47.0
1468,615270,73,51.0
1483,616230,60,33.0
1488,616325,55,28.0
1490,616500,58,19.0
1497,616740,46,23.0
1500,616920,49,17.0
1516,618060,71,50.0
1522,618390,30,8.0
1531,618930,61,37.0
1539,619260,41,17.0
1544,619490,59,21.0
1545,619540,49,21.0
1548,619650,47,13.0
1550,619700,70,29.0
1563,620130,86,82.0
1583,621000,64,48.0
1593,621400,51,19.0
1599,621600,57,31.0
1601,621690,62,30.0
1609,622110,61,46.0
1611,622230,48,31.0
1615,622410,46,23.0
1617,622500,49,27.0
1619,622590,75,57.0
1621,622710,51,23.0
1622,622740,47,15.0
1623,622800,84,74.0
1631,623080,58,30.0
1633,623160,37,10.0
1634,623340,42,14.0
1639,623610,47,18.0
1648,624030,46,27.0
1649,624090,43,16.0
1659,624500,72,54.0
1664,624660,45,19.0
1674,625150,47,22.0
1678,625320,63,31.0
1682,625470,45,14.0
1684,625530,56,31.0
1686,625690,56,38.0
1689,625800,41,17.0
1690,625830,61,39.0
1691,625860,35,16.0
1700,626310,79,68.0
1702,626370,53,35.0
1707,626640,53,28.0
1711,626880,62,36.0
1712,626910,67,36.0
1716,627060,49,20.0
1720,627240,60,39.0
1725,627590,43,13.0
1726,627690,46,17.0
1727,627720,68,41.0
1732,627850,87,73.0
1736,628050,35,17.0
1740,628250,52,30.0
1745,628650,60,31.0
1752,629130,49,20.0
1756,629270,43,24.0
1762,629490,51,19.0
1764,629550,47,20.0
1766,629610,88,86.0
1769,629700,73,62.0
1773,629850,44,20.0
1775,629940,49,24.0
1776,630030,32,16.0
1779,630210,49,17.0
1781,630250,70,40.0
1789,630600,36,15.0
1791,630660,72,51.0
1793,630750,74,45.0
1807,631320,44,15.0
1812,631530,72,58.0
1815,631710,52,29.0
1821,632010,42,26.0
1823,632070,73,45.0
1830,632370,46,23.0
1834,632550,40,17.0
1842,633150,50,27.0
1851,633630,72,48.0
1855,633750,60,31.0
1856,633840,48,27.0
1857,633860,71,44.0
1860,633980,47,19.0
1863,634140,54,32.0
1864,634170,44,17.0
1867,634320,61,37.0
1868,634380,80,65.0
1869,634410,61,50.0
1870,634425,67,51.0
1871,634440,40,12.0
1872,634590,52,35.0
1873,634620,50,28.0
1874,634680,44,18.0
1875,634710,51,24.0
1878,634800,69,52.0
1880,634880,62,35.0
1882,634980,71,52.0
1887,635110,54,37.0
1888,635130,87,70.0
1890,635250,67,37.0
1891,635310,35,18.0
1892,635430,56,35.0
1895,635600,58,34.0
1896,635670,44,19.0
1897,635700,78,50.0
1910,636270,57,19.0
1913,636390,62,47.0
1917,636600,56,36.0
1921,636800,65,27.0
1925,636840,64,35.0
1928,636970,56,28.0
1929,636972,40,14.0
1931,637050,35,9.0
1934,637200,49,33.0
1942,637500,79,67.0
1943,637530,54,31.0
1955,638010,33,15.0
1968,638640,59,29.0
1973,638790,72,56.0
1975,638980,70,59.0
1981,639420,72,52.0
1983,639630,65,35.0
1989,639930,54,27.0
1991,640150,70,46.0
1995,640300,51,21.0
1998,640590,59,34.0
2002,640740,32,12.0
2004,640980,52,29.0
2007,641160,56,20.0
2008,641190,62,34.0
2011,641280,77,70.0
2013,641430,53,26.0
2015,641580,44,21.0
2021,642000,57,32.0
2024,642140,65,32.0
2034,642480,57,29.0
2035,642510,78,48.0
2047,643080,53,21.0
2053,643470,59,25.0
2054,643560,58,28.0
2055,684500,73,68.0
2066,691012,20,4.0
2077,691024,16,5.0
2104,691078,33,19.0
2111,691135,46,21.0
2120,800020,52,42.0
2124,801920,61,55.0
2125,801950,13,11.0
2136,802340,20,20.0
2141,802490,67,61.0
2144,802580,26,29.0
2154,802910,56,54.0
2155,802940,73,70.0
2158,803060,36,29.0
2167,803330,40,31.0
2168,803360,34,33.0
2171,803450,58,55.0
2174,803540,38,35.0
2183,803870,29,20.0
2186,803990,59,55.0
2189,804080,36,30.0
2194,804260,36,40.0
2197,804350,35,28.0
2199,804410,26,22.0
2203,804530,30,26.0
2212,804800,52,48.0
2229,805310,64,60.0
2231,805370,50,42.0
2232,805400,46,38.0
2236,805550,25,20.0
2244,805790,31,28.0
2245,805820,64,61.0
2255,806120,27,20.0
2256,806150,41,31.0
2267,806480,30,29.0
2281,806900,39,38.0
2290,807230,12,8.0
2294,807350,47,46.0
2299,900002,36,13.0
2339,900450,33,13.0
2340,900510,55,33.0
2346,900700,50,27.0
2348,900750,81,58.0
2358,901020,52,22.0
2359,901050,90-94,81.0
2365,901260,46,17.0
2373,901470,66,28.0
2375,901530,81,59.0
2378,901620,81,68.0
2380,901710,86,68.0
2384,901860,57,28.0
2386,901920,36,17.0
2396,902310,51,29.0
2399,902400,42,13.0
2400,902490,50-54,27.0
2401,902520,70,46.0
2405,902670,31,12.0
2406,902700,89,78.0
2409,902790,38,17.0
2412,902880,75,47.0
2413,902910,82,61.0
2419,903090,54,30.0
2446,903660,84,65.0
2450,903810,88,77.0
2457,904050,72,49.0
2459,904110,89,77.0
2461,904170,73,52.0
2462,904230,73,48.0
2465,904320,56,36.0
2468,904440,51,28.0
2474,904620,80,66.0
2478,904740,65,39.0
2479,904830,29,10.0
2482,904920,77,59.0
2483,904950,44,18.0
2486,905040,91,79.0
2489,905130,89,74.0
2497,905371,55,35.0
2524,1000080,63,38.0
2525,1000170,60,36.0
2526,1000180,56,37.0
2527,1000190,36,15.0
2528,1000200,34,18.0
2529,1000230,30,13.0
2531,1000680,42,22.0
2536,1001240,55,34.0
2537,1001280,39,15.0
2538,1001300,50,27.0
2540,1001620,50,34.0
2555,1100030,31,15.0
2600,1200002,75,61.0
2601,1200030,59,51.0
2602,1200060,53,73.0
2603,1200090,53,57.0
2605,1200150,60,51.0
2606,1200180,54,46.0
2608,1200240,53,60.0
2609,1200270,51,53.0
2610,1200300,57,55.0
2611,1200330,57,59.0
2612,1200360,46,40.0
2613,1200390,53,45.0
2614,1200420,27,34.0
2616,1200480,49,51.0
2617,1200510,48,44.0
2618,1200540,56,56.0
2620,1200600,29,20.0
2625,1200750,40,45.0
2626,1200780,40,29.0
2627,1200810,50,47.0
2628,1200840,43,45.0
2629,1200870,52,48.0
2630,1200900,50,36.0
2631,1200930,51,47.0
2632,1200960,52,54.0
2635,1201050,48,49.0
2636,1201080,51,48.0
2637,1201110,58,55.0
2638,1201140,41,41.0
2641,1201230,52,52.0
2642,1201260,46,46.0
2643,1201290,60,56.0
2644,1201320,56,68.0
2645,1201350,65,63.0
2646,1201380,63,67.0
2647,1201410,47,39.0
2648,1201440,50,47.0
2649,1201470,48,35.0
2650,1201500,55,51.0
2651,1201530,55,56.0
2652,1201560,53,45.0
2653,1201590,43,41.0
2654,1201620,39,35.0
2655,1201650,63,59.0
2656,1201680,65,67.0
2657,1201710,60,52.0
2658,1201740,75,72.0
2659,1201770,53,43.0
2660,1201800,61,48.0
2661,1201830,44,39.0
2664,1201920,49,47.0
2665,1201950,56,56.0
2666,1201980,57,71.0
2667,1202010,49,39.0
2673,1300001,34,33.0
2677,1300060,40-44,58.0
2679,1300120,34,20.0
2682,1300210,15-19,12.0
2693,1300227,56,30.0
2696,1300232,42,16.0
2704,1300240,45-49,26.0
2714,1300290,38,32.0
2715,1300330,44,32.0
2716,1300360,20-24,19.0
2717,1300390,35-39,43.0
2718,1300420,31,18.0
2719,1300440,50-54,57.0
2720,1300480,45-49,40.0
2723,1300570,52,37.0
2724,1300600,70,83.0
2725,1300630,45,42.0
2726,1300660,20-24,22.0
2727,1300690,25-29,16.0
2728,1300720,50-54,35.0
2730,1300780,54,59.0
2731,1300810,40-44,31.0
2732,1300840,50,37.0
2733,1300870,45,50.0
2734,1300900,50-54,57.0
2735,1300930,47,49.0
2737,1301020,36,22.0
2739,1301080,20-24,20.0
2740,1301110,64,50.0
2742,1301170,31,24.0
2744,1301230,29,18.0
2746,1301290,59,52.0
2747,1301350,38,30.0
2748,1301380,38,33.0
2749,1301410,59,58.0
2751,1301470,30-34,29.0
2752,1301500,52,48.0
2754,1301560,20-24,29.0
2755,1301590,40-44,23.0
2756,1301620,35,26.0
2758,1301680,73,64.0
2759,1301710,24,35.0
2760,1301740,35,30.0
2761,1301770,25-29,48.0
2763,1301830,27,17.0
2764,1301860,42,31.0
2765,1301870,15-19,12.0
2766,1301890,41,45.0
2769,1301980,53,43.0
2771,1302040,25-29,28.0
2773,1302100,60-64,62.0
2774,1302130,72,64.0
2775,1302190,47,37.0
2776,1302220,76,69.0
2777,1302250,40-44,42.0
2778,1302280,56,47.0
2779,1302310,30,32.0
2780,1302340,35-39,30.0
2782,1302400,55,40.0
2783,1302430,37,49.0
2784,1302460,20-24,18.0
2785,1302490,35-39,23.0
2786,1302520,25,16.0
2787,1302550,56,46.0
2788,1302580,50,49.0
2789,1302610,45,42.0
2791,1302670,35-39,31.0
2792,1302700,55,50.0
2795,1302820,43,24.0
2796,1302880,44,45.0
2798,1302940,53,56.0
2800,1303000,35-39,38.0
2801,1303030,70-74,68.0
2802,1303060,20-24,15.0
2805,1303150,45,29.0
2806,1303210,30-34,15.0
2808,1303270,53,46.0
2809,1303300,42,25.0
2811,1303360,35-39,32.0
2812,1303390,51,54.0
2813,1303420,45-49,39.0
2815,1303480,56,42.0
2816,1303510,47,31.0
2823,1303720,50-54,49.0
2825,1303780,55-59,35.0
2826,1303840,38,30.0
2827,1303870,40,28.0
2828,1303930,43,21.0
2829,1303960,75,70.0
2830,1303990,45-49,44.0
2831,1304020,45,31.0
2832,1304050,30-34,29.0
2834,1304110,47,36.0
2835,1304140,55-59,68.0
2836,1304170,44,29.0
2837,1304200,41,29.0
2843,1304380,25,14.0
2844,1304410,34,24.0
2845,1304440,46,39.0
2850,1304560,40-44,42.0
2852,1304620,20-24,23.0
2859,1304890,35,26.0
2860,1304950,25-29,21.0
2861,1304980,40,38.0
2862,1305040,20-24,12.0
2868,1305250,60-64,57.0
2869,1305280,49,24.0
2870,1305310,32,29.0
2871,1305340,45-49,33.0
2872,1305370,39,30.0
2873,1305390,47,44.0
2874,1305430,46,47.0
2876,1305490,30-34,21.0
2877,1305550,34,28.0
2880,1305670,50-54,56.0
2881,1305700,42,36.0
2885,1305850,30-34,24.0
2886,1500030,60,32.0
2945,1600360,62,45.0
2950,1600510,40,17.0
2953,1600600,58,28.0
2955,1600660,48,21.0
2959,1600780,64,28.0
2965,1600930,53,25.0
2982,1601530,56,37.0
2983,1601570,55,32.0
2990,1601770,53,26.0
2991,1601800,66,37.0
2993,1601860,58,29.0
3001,1602100,68,46.0
3002,1602130,60,34.0
3009,1602340,56,24.0
3019,1602640,66,39.0
3020,1602670,70,34.0
3037,1603240,61,32.0
3211,1703600,31,25.0
3218,1703870,51,45.0
3223,1704020,24,29.0
3226,1704170,54,53.0
3236,1704680,13,13.0
3237,1704710,26,21.0
3241,1704920,46,42.0
3243,1705050,67,64.0
3246,1705220,55,59.0
3254,1705640,32,27.0
3256,1705790,32,26.0
3269,1706420,18,11.0
3271,1706480,35,30.0
3273,1706540,24,20.0
3279,1706960,33,24.0
3281,1707050,22,20.0
3306,1708400,45,45.0
3310,1708550,37,33.0
3326,1709420,40,39.0
3332,1709930,25,25.0
3345,1710650,27,24.0
3358,1711250,26,13.0
3361,1711370,53,53.0
3367,1711790,17,10.0
3372,1712000,32,22.0
3386,1712570,51,56.0
3387,1712700,66,70.0
3403,1713320,4,2.0
3408,1713530,51,43.0
3412,1713710,29,28.0
3416,1713940,33,32.0
3417,1713970,64,64.0
3427,1714490,56,51.0
3435,1715030,32,29.0
3463,1716380,61,61.0
3471,1716830,46,43.0
3479,1717280,21,12.0
3481,1717340,36,35.0
3485,1717550,54,47.0
3498,1718240,30,18.0
3513,1719080,73,67.0
3519,1719320,67,63.0
3523,1719560,39,29.0
3524,1719620,61,54.0
3527,1719830,52,52.0
3543,1720610,24,20.0
3566,1721780,75,70.0
3567,1721840,48,48.0
3569,1721900,60,59.0
3573,1722110,38,23.0
3578,1722500,59,55.0
3582,1722740,26,26.0
3585,1722830,74,73.0
3592,1723070,57,59.0
3599,1723350,49,45.0
3605,1723880,59,58.0
3610,1724090,47,49.0
3616,1724480,46,39.0
3633,1725320,35,30.0
3648,1726340,43,30.0
3650,1726400,30,27.0
3662,1726880,15,8.0
3673,1727570,39,34.0
3675,1727710,67,69.0
3686,1728200,80,76.0
3690,1728530,47,44.0
3692,1728620,44,42.0
3699,1729010,70,69.0
3704,1729220,24,24.0
3706,1729280,62,54.0
3715,1729790,50,49.0
3722,1730270,44,41.0
3724,1730330,34,28.0
3726,1730450,49,54.0
3745,1731110,30,30.0
3748,1731230,21,15.0
3758,1731740,39,37.0
3775,1732580,78,80.0
3781,1732910,23,20.0
3784,1733000,30,23.0
3790,1733270,26,25.0
3794,1733420,14,9.0
3806,1734020,51,48.0
3817,1734410,17,15.0
3820,1734510,22,17.0
3829,1734990,20,17.0
3870,1737080,28,24.0
3873,1737170,59,62.0
3896,1738460,47,43.0
3904,1738940,15,13.0
3905,1738970,8,6.0
3919,1739870,20,17.0
3922,1740070,30,29.0
3932,1740440,27,27.0
3941,1740800,48,37.0
3949,1741190,41,36.0
3950,1741250,12,10.0
3957,1741690,64,66.0
3964,1742180,56,51.0
3987,1743330,40,35.0
3991,1743890,23,18.0
3992,1743960,41,34.0
4005,1800030,80,54.0
4038,1800098,53,16.0
4067,1800150,30,20.0
4091,1800270,77,48.0
4093,1800360,63,42.0
4100,1800630,76,48.0
4105,1800840,50,36.0
4108,1801020,78,65.0
4112,1801200,86,73.0
4116,1801440,73,64.0
4122,1801890,63,32.0
4130,1802400,56,18.0
4134,1802490,75,45.0
4138,1802640,48,23.0
4141,1802800,68,50.0
4142,1802830,83,63.0
4143,1802850,60,31.0
4157,1803270,47,23.0
4160,1803450,53,30.0
4164,1803630,49,24.0
4166,1803690,59,36.0
4169,1803750,68,51.0
4174,1803930,54,36.0
4175,1803940,57,29.0
4178,1804050,58,28.0
4185,1804320,37,12.0
4190,1804590,76,38.0
4192,1804710,65,33.0
4193,1804770,24,7.0
4196,1805190,63,29.0
4199,1805370,35,15.0
4200,1805400,47,25.0
4201,1805450,66,37.0
4205,1805580,58,40.0
4206,1805670,46,25.0
4211,1806030,45-49,37.0
4220,1806510,55,40.0
4221,1806570,40,17.0
4222,1806600,58,42.0
4225,1806840,46,27.0
4231,1807140,60,28.0
4233,1807260,64,49.0
4235,1807320,38,21.0
4236,1807350,87,60.0
4238,1807410,65,42.0
4243,1807650,79,47.0
4249,1807860,54,35.0
4264,1808250,82,56.0
4271,1808760,76,58.0
4272,1808820,49,31.0
4275,1808910,51,31.0
4277,1808970,78,52.0
4281,1809150,54,32.0
4285,1809370,62,24.0
4291,1809690,50,19.0
4298,1810080,53,23.0
4304,1810290,41,22.0
4309,1810440,63,35.0
4318,1810650,77,60.0
4332,1811190,71,51.0
4336,1811340,59,39.0
4347,1811970,78,55.0
4349,1812090,61,33.0
4354,1812360,40,20.0
4355,1812390,70,48.0
4356,1812420,59,37.0
4358,1812720,56,30.0
4359,1812810,36,16.0
4366,1813080,77,54.0
4395,1903540,89,91.0
4398,1903690,89,92.0
4416,1904860,86,91.0
4432,1906510,88,87.0
4433,1906540,70,75.0
4454,1907860,77,78.0
4460,1908220,61,65.0
4464,1908580,67,67.0
4470,1908970,53,55.0
4473,1909480,75,81.0
4526,1914700,76,81.0
4533,1915450,87,90.0
4547,1917220,78,84.0
4563,1918720,66,71.0
4582,1920130,74,77.0
4613,1923110,91,95.0
4636,1926400,72,71.0
4642,1926820,78,81.0
4663,1928680,82,81.0
4674,1930480,71,73.0
4675,1930510,87,87.0
4684,1930930,80,80.0
4727,2003200,39,32.0
4732,2003360,39,36.0
4788,2005460,30,23.0
4789,2005490,48,41.0
4792,2005580,12,11.0
4803,2005940,17,15.0
4815,2006390,17,10.0
4816,2006420,35,25.0
4820,2006540,39,27.0
4834,2007050,28,16.0
4849,2007620,20,19.0
4857,2007890,28,18.0
4858,2007950,11,9.0
4871,2008400,43,31.0
4872,2008430,27,20.0
4877,2008730,12,10.0
4887,2009140,38,45.0
4888,2009180,40,37.0
4912,2010140,41,38.0
4945,2011370,29,17.0
4952,2011640,41,34.0
4961,2012000,46,47.0
4969,2012260,20,15.0
4985,2012990,20,12.0
4991,2100081,46,27.0
4999,2100300,51,44.0
5005,2100510,57,55.0
5007,2100570,53,42.0
5013,2100750,44,36.0
5018,2100900,57,54.0
5022,2101020,43,32.0
5025,2101150,38,23.0
5026,2101200,47,36.0
5035,2101470,46,39.0
5046,2101860,51,45.0
5048,2101950,38,27.0
5050,2102010,42,34.0
5058,2102280,51,49.0
5063,2102490,47,44.0
5069,2102710,48,43.0
5072,2102860,48,40.0
5075,2102990,40,33.0
5077,2103030,45,37.0
5079,2103090,53,52.0
5083,2103210,46,38.0
5094,2103720,55,43.0
5097,2103810,51,43.0
5101,2103960,57,46.0
5104,2104050,50,40.0
5110,2104250,54,40.0
5113,2104410,47,42.0
5117,2104530,64,61.0
5119,2104590,45-49,32.0
5126,2104800,45,33.0
5130,2104950,55,49.0
5139,2105260,57,48.0
5140,2105320,43,34.0
5152,2105730,48,38.0
5161,2106000,49,50.0
5168,2200030,70,64.0
5173,2200039,82,88.0
5180,2200090,85,85.0
5182,2200125,85-89,88.0
5186,2200150,51,63.0
5193,2200180,70,66.0
5270,2200270,78,77.0
5297,2200300,66,57.0
5299,2200330,75,73.0
5305,2200510,79,74.0
5306,2200540,61,54.0
5309,2200630,78,74.0
5312,2200720,74,79.0
5315,2200810,72,77.0
5316,2200840,65,68.0
5317,2200870,71,73.0
5318,2200900,88,80.0
5320,2200990,74,83.0
5321,2201020,84,83.0
5323,2201080,66,57.0
5324,2201110,50-54,33.0
5325,2201140,69,66.0
5326,2201170,57,59.0
5327,2201200,73,70.0
5328,2201230,85-89,91.0
5330,2201290,76,66.0
5334,2201410,73,73.0
5335,2201440,74,79.0
5338,2201530,55,62.0
5339,2201560,71,64.0
5340,2201590,71,64.0
5341,2201620,72,76.0
5342,2201650,83,80.0
5343,2201680,66,57.0
5345,2201740,75,77.0
5347,2201800,88,82.0
5348,2201830,84,81.0
5349,2201860,77,70.0
5350,2201890,54,65.0
5472,2309930,59,37.0
5695,2500554,97,83.0
5704,2501710,GE99,96.0
5711,2501950,98,89.0
5712,2501980,94,89.0
5717,2502190,88,75.0
5720,2502310,91,73.0
5724,2502490,98,93.0
5730,2502670,94,88.0
5731,2502710,GE99,90.0
5734,2502790,82,66.0
5738,2502940,96,90.0
5740,2503030,94,85.0
5743,2503080,95,78.0
5744,2503090,79,53.0
5746,2503150,98,93.0
5748,2503270,92,80.0
5754,2503510,97,91.0
5755,2503540,65,35.0
5756,2503660,87,73.0
5761,2503870,GE99,92.0
5783,2504770,81,58.0
5785,2504830,76,51.0
5790,2504980,87,79.0
5791,2505010,98,88.0
5803,2505470,88,67.0
5804,2505480,91,69.0
5805,2505485,96,86.0
5817,2505970,87,73.0
5819,2506090,98,91.0
5823,2506270,82,49.0
5829,2506510,97,88.0
5832,2506660,74,53.0
5836,2506780,88,73.0
5838,2506840,98,97.0
5840,2506930,98,94.0
5843,2507020,82,66.0
5846,2507110,74,55.0
5848,2507170,80,73.0
5849,2507230,96,92.0
5853,2507350,98,88.0
5860,2507560,90,72.0
5864,2507740,88,71.0
5874,2508050,95,85.0
5881,2508340,97,91.0
5882,2508370,98,93.0
5883,2508430,60,44.0
5884,2508440,97,86.0
5887,2508610,97,93.0
5891,2508700,94,88.0
5899,2508910,97,90.0
5902,2508960,94,73.0
5914,2509360,85,70.0
5920,2509630,86,69.0
5922,2509720,91,69.0
5925,2509870,91,82.0
5928,2509990,96,88.0
5929,2510050,83,67.0
5941,2510615,96,82.0
5944,2510770,97,89.0
5946,2510830,93,88.0
5948,2510890,84,68.0
5954,2511020,95,77.0
5958,2511130,74,47.0
5967,2511490,94,85.0
5968,2511520,84,60.0
5977,2511880,97,92.0
5981,2512000,74,64.0
5988,2512270,98,96.0
5992,2512510,85-89,75.0
5995,2512630,88,69.0
5996,2512660,98,96.0
6001,2512840,90,72.0
6004,2512950,96,83.0
6009,2513110,GE99,96.0
6011,2513200,90,78.0
6012,2513230,81,59.0
6949,2700117,58,19.0
7148,2703180,63,46.0
7150,2703450,45,34.0
7158,2704440,55,47.0
7165,2705790,60,52.0
7168,2706090,57,50.0
7173,2707200,59,50.0
7174,2707290,54,39.0
7178,2707410,64,43.0
7184,2708100,62,59.0
7185,2708190,62,60.0
7207,2711040,57,46.0
7212,2711250,73,64.0
7213,2711370,67,57.0
7216,2711670,78,70.0
7218,2711820,38,36.0
7224,2712270,63,54.0
7235,2713170,60-64,45.0
7237,2713530,71,58.0
7250,2714220,70,62.0
7251,2714260,56,55.0
7268,2717780,72,58.0
7285,2718780,59,45.0
7296,2721240,35,26.0
7300,2721420,59,53.0
7304,2722950,63,59.0
7310,2723430,65,57.0
7316,2723850,62,49.0
7317,2723880,67,57.0
7323,2725200,59,42.0
7324,2728050,59,46.0
7339,2730060,63,61.0
7347,2731780,49,27.0
7348,2731800,55,46.0
7351,2732390,73,64.0
7352,2732430,53,43.0
7357,2732820,70-74,72.0
7359,2732880,68,56.0
7361,2733000,54,45.0
7365,2733330,58,49.0
7370,2733510,41,35.0
7371,2733540,65,50.0
7375,2733790,62,62.0
7376,2733810,75,63.0
7377,2733840,40,27.0
7381,2738190,72,58.0
7395,2741460,62,60.0
7400,2742160,71,77.0
7401,2742270,60,46.0
7403,2742360,55,56.0
7404,2742720,43,39.0
7426,2800187,12,14.0
7428,2800189,33,19.0
7440,2800630,55,69.0
7451,2801090,58,48.0
7464,2801320,50,64.0
7473,2801560,45,43.0
7475,2801620,20,2.0
7478,2801710,45,49.0
7479,2801740,52,49.0
7480,2801770,54,52.0
7481,2801800,20,15.0
7483,2801860,32,28.0
7490,2802160,53,50.0
7491,2802190,17,4.0
7494,2802280,40,32.0
7498,2802400,57,59.0
7499,2802430,43,47.0
7503,2802550,38,36.0
7509,2802730,48,29.0
7511,2802790,58,35.0
7515,2802910,19,10.0
7519,2803030,20,15.0
7529,2803360,67,65.0
7531,2803450,65,35.0
7532,2803480,46,42.0
7535,2803530,61,71.0
7540,2803660,45-49,44.0
7546,2803830,52,43.0
7551,2803990,30-34,13.0
7560,2804320,42,26.0
7564,2804470,18,17.0
7621,2901000,57,31.0
7643,2904620,63,34.0
7652,2905310,65,57.0
7662,2905760,61,46.0
7681,2906990,67,27.0
7689,2907460,49,36.0
7695,2908370,64,62.0
7761,2912010,38,12.0
7765,2912290,54,32.0
7766,2912300,69,44.0
7782,2913080,71,35.0
7802,2913830,45,30.0
7826,2915480,52,39.0
7828,2915600,60,70.0
7832,2916190,53,55.0
7836,2916350,48,39.0
7838,2916400,33,17.0
7839,2916450,63,40.0
7848,2916770,81,73.0
7861,2918270,39,25.0
7862,2918300,69,56.0
7870,2918540,69,43.0
7901,2920670,60,48.0
7938,2922530,75,74.0
7945,2922800,50,43.0
7948,2922890,60,38.0
7966,2923430,68,55.0
7970,2923550,70,73.0
7971,2923580,69,56.0
7974,2923700,58,42.0
7975,2923730,61,30.0
7985,2925230,50-54,60.0
7990,2925450,54,23.0
7999,2926070,47,19.0
8002,2926220,59,54.0
8012,2926640,48,21.0
8016,2926850,75,67.0
8017,2926890,65-69,40.0
8020,2927060,47,39.0
8030,2927830,59,42.0
8056,2928860,57,27.0
8057,2928920,65,39.0
8058,2928950,75,65.0
8063,2929280,34,20.0
8088,2930450,66,45.0
8106,2931110,65,30.0
8109,2931440,53,38.0
8111,2931500,67,51.0
8115,2931650,69,56.0
8124,2932010,63,46.0
8186,3003900,40,34.0
8195,3004590,68,52.0
8316,3013050,45,32.0
8334,3013830,55,39.0
8353,3015420,54,32.0
8395,3018540,53,39.0
8536,3100016,31,35.0
8540,3100022,30,37.0
8625,3103810,45,52.0
8653,3170110,85,85.0
8659,3170710,42,51.0
8677,3172390,49,58.0
8684,3172840,51,51.0
8701,3173740,70,65.0
8711,3174430,44,52.0
8715,3174820,30,23.0
8722,3175270,60,61.0
8766,3178660,65,61.0
8775,3200001,42,22.0
8780,3200060,43,24.0
8781,3200090,59,44.0
8782,3200120,40,25.0
8788,3200300,42,28.0
8790,3200360,31,21.0
8791,3200390,44,27.0
8794,3200480,46,32.0
8797,3300017,77,55.0
8820,3301740,82,63.0
8833,3302460,62,40.0
8840,3302640,61,35.0
8897,3304050,65,39.0
8907,3304410,71,48.0
8910,3304590,49,26.0
8924,3304980,60,31.0
8948,3305940,55,30.0
8984,3307360,68,41.0
8988,3400009,58,38.0
8994,3400022,30,5.0
8996,3400024,62,49.0
9018,3400070,52,20.0
9019,3400073,23,7.0
9022,3400078,31,7.0
9055,3400753,30,6.0
9079,3400785,31,11.0
9089,3400960,24,11.0
9090,3400990,49,25.0
9092,3401050,41,20.0
9098,3401260,59,23.0
9101,3401350,41,13.0
9105,3401470,82,74.0
9106,3401500,61,29.0
9107,3401530,47,41.0
9111,3401650,79,70.0
9114,3401770,37,22.0
9116,3401830,43,22.0
9120,3401950,52,30.0
9122,3402030,44,29.0
9123,3402100,32,9.0
9126,3402220,49,29.0
9127,3402250,26,8.0
9128,3402280,70,52.0
9132,3402400,31,15.0
9133,3402430,36,13.0
9135,3402460,46,30.0
9136,3402490,38,20.0
9137,3402520,46,27.0
9139,3402580,67,36.0
9141,3402640,13,2.0
9142,3402670,44,21.0
9144,3402730,29,19.0
9147,3402820,49,17.0
9148,3402850,52,20.0
9149,3402880,35,8.0
9150,3402910,27,29.0
9151,3403000,59,33.0
9154,3403120,59,38.0
9155,3403150,34,14.0
9157,3403210,58,45.0
9159,3403270,42,23.0
9160,3403300,42,18.0
9164,3403420,49,25.0
9168,3403570,69,37.0
9170,3403610,86,57.0
9171,3403620,30,12.0
9176,3403750,44,32.0
9177,3403780,34,24.0
9181,3403900,31,17.0
9182,3403930,42,20.0
9184,3403990,60,48.0
9188,3404110,71,45.0
9192,3404230,35,9.0
9194,3404320,53,28.0
9196,3404380,50,35.0
9200,3404500,68,49.0
9202,3404560,49,29.0
9203,3404590,42,12.0
9205,3404660,49,16.0
9208,3404740,52,14.0
9210,3404800,60,26.0
9214,3404920,35,18.0
9216,3404980,70,53.0
9225,3405310,77,36.0
9231,3405490,47,23.0
9235,3405610,46,32.0
9240,3405760,40,18.0
9246,3405970,76,45.0
9247,3406000,53,18.0
9249,3406040,60,49.0
9250,3406060,39,21.0
9257,3406270,51,20.0
9258,3406300,50,35.0
9259,3406330,29,21.0
9260,3406360,47,33.0
9261,3406390,74,60.0
9266,3406540,35,17.0
9267,3406570,65,31.0
9270,3406660,66,44.0
9276,3406870,43,11.0
9278,3406930,50,41.0
9280,3406990,42,20.0
9283,3407140,37,29.0
9286,3407230,63,52.0
9288,3407290,40,7.0
9292,3407410,66,57.0
9296,3407530,60,47.0
9298,3407570,77,40.0
9299,3407590,73,45.0
9300,3407680,23,3.0
9302,3407740,41,25.0
9304,3407800,60,20.0
9305,3407830,44,20.0
9307,3407890,43,12.0
9308,3407920,37,7.0
9310,3407980,55,37.0
9312,3408040,85,60.0
9313,3408060,54,35.0
9315,3408100,41,23.0
9318,3408190,63,37.0
9319,3408220,23,6.0
9324,3408400,61,28.0
9327,3408490,47,31.0
9328,3408500,54,32.0
9329,3408520,71,39.0
9331,3408610,44,5.0
9332,3408640,27,6.0
9338,3408820,78,56.0
9339,3408850,56,31.0
9342,3408940,30,18.0
9345,3409090,33,27.0
9349,3409210,50,18.0
9350,3409240,76,63.0
9351,3409270,38,27.0
9353,3409330,66,56.0
9354,3409360,55,34.0
9356,3409420,70,42.0
9357,3409450,34,21.0
9361,3409550,52,29.0
9364,3409660,41,20.0
9367,3409750,63,39.0
9376,3409990,66,49.0
9377,3410020,29,17.0
9378,3410050,56,37.0
9379,3410080,48,24.0
9380,3410110,43,28.0
9383,3410200,81,73.0
9386,3410320,21,6.0
9389,3410440,42,30.0
9390,3410470,30,20.0
9391,3410500,61,46.0
9393,3410560,58,39.0
9394,3410590,73,68.0
9396,3410650,59,46.0
9398,3410710,61,48.0
9399,3410720,88,73.0
9400,3410740,60,41.0
9402,3410810,41,28.0
9407,3410980,85,46.0
9408,3411010,80,50.0
9413,3411160,27,11.0
9415,3411220,33,10.0
9417,3411280,58,34.0
9418,3411310,74,64.0
9419,3411340,34,15.0
9420,3411400,42,26.0
9421,3411430,48,18.0
9422,3411460,35,7.0
9423,3411490,45,23.0
9427,3411610,63,57.0
9428,3411640,40,12.0
9430,3411700,48,29.0
9431,3411730,65,64.0
9432,3411760,75,61.0
9436,3411880,54,31.0
9439,3411970,57,30.0
9442,3412060,42,34.0
9449,3412260,64,61.0
9450,3412270,28,13.0
9452,3412360,32,20.0
9454,3412420,63,45.0
9456,3412480,62,46.0
9457,3412510,66,51.0
9458,3412540,17,7.0
9459,3412570,41,22.0
9460,3412600,51,9.0
9461,3412630,58,40.0
9463,3412690,17,3.0
9465,3412810,35,8.0
9466,3412840,30,7.0
9467,3412870,29,13.0
9468,3412900,67,51.0
9469,3412930,30,15.0
9470,3412960,53,24.0
9471,3412990,31,4.0
9472,3413000,51,23.0
9473,3413050,45,31.0
9475,3413110,34,23.0
9476,3413140,15,4.0
9477,3413200,13,4.0
9480,3413290,64,39.0
9482,3413350,65,40.0
9484,3413410,76,48.0
9487,3413530,25,9.0
9488,3413560,72,52.0
9489,3413590,75,53.0
9490,3413620,51,41.0
9491,3413650,66,44.0
9492,3413680,39,14.0
9495,3413750,56,39.0
9496,3413770,62,33.0
9497,3413800,51,17.0
9498,3413830,81,67.0
9510,3414280,39,6.0
9511,3414310,46,16.0
9512,3414340,43,34.0
9514,3414400,60,44.0
9516,3414460,66,31.0
9517,3414490,52,25.0
9520,3414580,39,24.0
9522,3414640,46,20.0
9523,3414670,69,53.0
9526,3414850,51,31.0
9528,3414940,55,20.0
9533,3415090,52,29.0
9536,3415210,56,40.0
9539,3415330,58,43.0
9540,3415360,51,37.0
9541,3415390,50,17.0
9543,3415450,38,21.0
9544,3415480,35,31.0
9545,3415510,54,43.0
9546,3415540,58,32.0
9557,3415900,75,70.0
9558,3415930,34,20.0
9562,3416080,57,27.0
9563,3416110,73,65.0
9566,3416230,50,21.0
9568,3416290,18,4.0
9571,3416380,48,17.0
9573,3416470,45,22.0
9574,3416500,44,25.0
9576,3416560,62,48.0
9581,3416710,57,27.0
9582,3416740,73,47.0
9583,3416800,19,9.0
9586,3416870,40,18.0
9587,3416890,49,38.0
9590,3416970,53,28.0
9593,3417070,36,22.0
9594,3417100,70,40.0
9598,3417220,57,27.0
9600,3417280,64,44.0
9604,3417430,42,25.0
9605,3417460,52,43.0
9607,3417500,92,89.0
9608,3417520,40,18.0
9609,3417550,78,57.0
9610,3417580,35,13.0
9611,3417610,48,26.0
9613,3417700,79,66.0
9615,3417760,72,59.0
9617,3417820,67,49.0
9624,3418000,17,4.0
9626,3418040,96,84.0
9627,3418060,30,13.0
9629,3418120,40,26.0
9635,3418300,57,14.0
9636,3418330,46,24.0
9648,3600008,90-94,89.0
9671,3600076,91,85.0
9672,3600077,94,88.0
9673,3600078,94,89.0
9674,3600079,95,92.0
9676,3600081,92,85.0
9678,3600083,88,86.0
9679,3600084,86,77.0
9680,3600085,82,76.0
9681,3600086,85,81.0
9682,3600087,89,86.0
9683,3600088,90,83.0
9684,3600090,79,77.0
9685,3600091,95,92.0
9686,3600092,89,82.0
9687,3600094,86,75.0
9688,3600095,91,86.0
9689,3600096,85,77.0
9690,3600097,82,73.0
9691,3600098,93,91.0
9692,3600099,95,95.0
9693,3600100,95,93.0
9694,3600101,89,83.0
9695,3600102,92,91.0
9696,3600103,95,88.0
9704,3600119,92,87.0
9705,3600120,89,78.0
9706,3600121,83,74.0
9707,3600122,90,88.0
9708,3600123,89,86.0
9710,3600125,97,85.0
9721,3600151,90,91.0
9722,3600152,92,88.0
9723,3600153,94,92.0
9779,3602460,91,80.0
9797,3603270,98,97.0
9804,3603840,97,91.0
9805,3603870,96,93.0
9810,3604080,94,91.0
9822,3604710,GE99,98.0
9826,3604870,87,87.0
9831,3605280,90,91.0
9842,3605850,82,81.0
9858,3606570,96,96.0
9865,3606870,87,88.0
9880,3607530,96,96.0
9882,3607590,GE99,98.0
9893,3608160,97,94.0
9896,3608310,90,93.0
9899,3608400,93,91.0
9908,3608880,92,96.0
9922,3609630,GE99,98.0
9926,3609840,97,97.0
9944,3610560,90,84.0
9951,3610890,97,98.0
9954,3610980,95,89.0
9968,3611550,93,85.0
9971,3611670,96,94.0
9977,3611880,90-94,92.0
9993,3612630,91,91.0
10003,3613080,98,97.0
10006,3613290,97,97.0
10020,3613980,98,97.0
10021,3614010,96,89.0
10023,3614130,68,69.0
10027,3614280,98,98.0
10029,3614340,92,75.0
10032,3614460,97,96.0
10049,3615090,93,93.0
10061,3615570,95,95.0
10074,3616230,94,92.0
10075,3616260,98,94.0
10076,3616290,91,90.0
10084,3616620,97,96.0
10085,3616680,GE99,98.0
10094,3617160,98,97.0
10097,3617380,97,87.0
10101,3617520,96,92.0
10104,3617670,95,92.0
10106,3617730,95,93.0
10116,3618120,97,95.0
10120,3618240,96,94.0
10129,3618630,98,97.0
10131,3618690,89,74.0
10137,3619020,98,98.0
10140,3619200,96,87.0
10141,3619230,96,89.0
10143,3619320,96,92.0
10149,3619560,94,94.0
10150,3619650,98,97.0
10151,3619680,95,93.0
10159,3619950,97,95.0
10162,3620100,82,77.0
10167,3620340,98,98.0
10172,3620490,91,86.0
10177,3620700,87,84.0
10181,3620820,93,87.0
10184,3620910,94,94.0
10190,3621210,97,96.0
10194,3621270,98,98.0
10202,3621570,97,90.0
10209,3621900,98,97.0
10223,3622470,93,93.0
10229,3622710,GE99,98.0
10235,3623010,93,90.0
10240,3623220,GE99,98.0
10246,3623460,94,91.0
10249,3623580,98,98.0
10271,3624690,91,90.0
10272,3624750,74,67.0
10275,3624900,95,87.0
10283,3625170,97,96.0
10287,3625350,96,94.0
10295,3625770,95,96.0
10300,3626010,82,77.0
10310,3626520,98,97.0
10313,3626670,98,97.0
10322,3627060,97,96.0
10326,3627210,98,97.0
10328,3627300,96,97.0
10338,3627810,84,74.0
10347,3628200,GE99,98.0
10348,3628320,97,95.0
10352,3628590,79,70.0
10360,3628950,94,96.0
10369,3629280,93,85.0
10370,3629370,88,82.0
10375,3629520,98,98.0
10383,3629880,96,95.0
10386,3629970,96,91.0
10387,3630030,96,92.0
10395,3630360,98,96.0
10400,3630540,95,92.0
10402,3630630,96,97.0
10404,3630690,98,96.0
10405,3630780,94,93.0
10408,3630960,89,87.0
10415,3631260,96,90.0
10421,3631470,98,98.0
10430,3631920,91,88.0
10432,3631980,GE99,98.0
10726,3800014,44,33.0
10795,3806780,45,41.0
10805,3808130,41,35.0
10846,3813030,41,33.0
10890,3819410,47,35.0
10947,3900118,34,9.0
10969,3900180,55,36.0
10990,3900250,64,27.0
11200,3901534,27,12.0
11241,3904348,42,22.0
11246,3904353,57,28.0
11252,3904360,68,50.0
11258,3904366,74,47.0
11263,3904371,34,13.0
11264,3904373,86,68.0
11266,3904375,48,27.0
11269,3904378,33,16.0
11270,3904379,53,29.0
11271,3904380,32,13.0
11274,3904383,59,43.0
11275,3904384,27,15.0
11278,3904387,78,53.0
11285,3904394,57,30.0
11286,3904395,39,13.0
11287,3904396,60-64,29.0
11298,3904408,41,17.0
11300,3904410,62,44.0
11307,3904418,77,55.0
11309,3904420,71,50.0
11310,3904421,65,54.0
11315,3904426,31,17.0
11316,3904427,83,71.0
11325,3904437,80,59.0
11326,3904438,73,59.0
11327,3904439,72,52.0
11328,3904440,47,23.0
11332,3904445,65,39.0
11337,3904450,87,73.0
11340,3904453,66,55.0
11341,3904454,67,63.0
11349,3904463,61,47.0
11352,3904467,48,25.0
11359,3904475,65,57.0
11361,3904479,45-49,35.0
11362,3904480,63,42.0
11363,3904481,37,17.0
11365,3904483,69,47.0
11366,3904484,81,81.0
11368,3904486,77,69.0
11369,3904487,77,68.0
11372,3904490,32,16.0
11374,3904492,71,64.0
11375,3904493,85,86.0
11379,3904499,42,25.0
11383,3904504,63,55.0
11389,3904510,71,46.0
11391,3904513,68,52.0
11393,3904515,55,25.0
11394,3904516,27,14.0
11422,3904547,76,61.0
11424,3904549,84,68.0
11425,3904550,78,58.0
11433,3904558,88,80.0
11467,3904609,77,56.0
11468,3904610,64,44.0
11469,3904611,81,71.0
11489,3904635,66,45.0
11507,3904660,92,91.0
11518,3904676,87,80.0
11528,3904689,77,46.0
11530,3904694,71,56.0
11532,3904696,76,53.0
11533,3904697,44,26.0
11534,3904699,83,69.0
11535,3904700,71,24.0
11536,3904701,72,64.0
11537,3904702,80,69.0
11550,3904724,78,60.0
11556,3904734,84,72.0
11557,3904736,56,34.0
11558,3904737,78,59.0
11600,3904800,69,48.0
11604,3904804,73,62.0
11608,3904811,90,78.0
11609,3904812,84,82.0
11615,3904820,85,74.0
11617,3904822,58,37.0
11618,3904823,65,42.0
11622,3904829,68,53.0
11623,3904830,70,45.0
11654,3904870,60,29.0
11656,3904872,74,53.0
11659,3904875,57,31.0
11667,3904887,60-64,36.0
11680,3904909,75-79,63.0
11738,3904985,87,72.0
11745,3904992,75,50.0
11746,3904993,73,56.0
11754,3905002,91,77.0
11756,3905004,80,71.0
11759,3905007,83,64.0
11784,3905042,89,71.0
11785,3905043,75,65.0
11786,3905044,79,63.0
11787,3905045,86,83.0
11810,3906190,60-64,32.0
11813,3910000,65,53.0
11823,3910010,70-74,38.0
11825,3910012,63,52.0
11827,3910014,69,55.0
11842,3910029,79,58.0
11864,4000777,24,7.0
11879,4000796,19,6.0
11883,4000800,33,10.0
11910,4003630,52,35.0
11923,4004500,61,44.0
11939,4005490,38,23.0
11973,4007620,51,24.0
11976,4007740,41,24.0
12005,4009570,64,46.0
12021,4010590,70,51.0
12027,4010920,34,18.0
12100,4015720,55,39.0
12125,4017250,30,16.0
12164,4019950,30,16.0
12171,4020250,45,28.0
12181,4020970,21,11.0
12182,4021000,55,32.0
12191,4021720,53,39.0
12204,4022770,17,9.0
12213,4023280,55,36.0
12232,4024690,31,19.0
12242,4025290,33,16.0
12264,4026880,34,20.0
12291,4028680,56,41.0
12319,4030240,29,19.0
12329,4030600,38,26.0
12380,4033480,44,25.0
12394,4100023,69,28.0
12405,4101120,73,33.0
12419,4101920,75,42.0
12421,4102040,69,25.0
12430,4102800,67,29.0
12440,4103480,83,42.0
12450,4103940,67,30.0
12464,4104740,82,47.0
12469,4105160,62,32.0
12477,4105910,59,32.0
12478,4106000,64,23.0
12481,4106300,76,33.0
12482,4106510,70,34.0
12493,4107020,77,35.0
12496,4107230,87,65.0
12505,4108010,76,43.0
12506,4108040,71,39.0
12507,4108100,68,20.0
12517,4108720,64,29.0
12518,4108820,75,24.0
12519,4108830,72,35.0
12526,4109330,78,36.0
12539,4110040,63,28.0
12543,4110350,61,23.0
12545,4110520,58,22.0
12549,4110710,70,37.0
12550,4110820,74,38.0
12551,4110890,82,42.0
12557,4111290,86,45.0
12559,4111450,78,46.0
12564,4111670,60,22.0
12571,4112240,75,48.0
12579,4113170,85,64.0
12582,4113530,63,23.0
12628,4200071,61,44.0
12659,4200119,53,35.0
12666,4200127,70,55.0
12677,4200140,54,29.0
12715,4200843,21,15.0
12764,4202040,88,80.0
12768,4202280,38,30.0
12770,4202340,72,65.0
12771,4202400,93,91.0
12781,4202790,83,78.0
12783,4202850,92,87.0
12786,4202970,81,74.0
12793,4203330,64,56.0
12799,4203510,86,74.0
12800,4203570,65,50.0
12810,4203960,84,83.0
12816,4204230,63,49.0
12821,4204590,78,77.0
12826,4204890,80,73.0
12829,4205010,78,73.0
12833,4205190,74,64.0
12834,4205310,86,85.0
12837,4205400,68,58.0
12840,4205490,82,79.0
12841,4205550,70,61.0
12845,4205760,75,61.0
12854,4206240,54,39.0
12861,4206480,83,80.0
12867,4206840,79,70.0
12870,4206960,79,83.0
12873,4207110,83,69.0
12876,4207230,82,75.0
12880,4207530,88,75.0
12886,4207710,92,90.0
12894,4208550,81,79.0
12896,4208670,69,58.0
12899,4208850,68,59.0
12905,4209300,57,56.0
12920,4210070,92,89.0
12929,4210590,86,85.0
12935,4210860,78,68.0
12936,4210870,88,82.0
12953,4211610,63,69.0
12954,4211670,92,93.0
12955,4211700,56,40.0
12957,4211760,82,70.0
12958,4211790,82,79.0
12978,4212690,79,70.0
12989,4213140,44,37.0
12994,4213440,45-49,36.0
13002,4214160,91,82.0
13004,4214250,86,83.0
13009,4214580,82,84.0
13023,4215290,66,51.0
13024,4215330,80,78.0
13035,4215830,84,81.0
13041,4216110,94,92.0
13046,4216380,84,83.0
13047,4216410,75,76.0
13055,4216980,61,53.0
13056,4217010,93,91.0
13060,4217220,81,82.0
13061,4217280,87,83.0
13063,4217370,77,72.0
13078,4217940,87,74.0
13085,4218270,84,79.0
13086,4218300,68,59.0
13091,4218510,88,77.0
13095,4218630,82,81.0
13096,4218660,92,85.0
13098,4218750,81,77.0
13101,4218840,83,75.0
13103,4218930,90,83.0
13104,4218960,94,93.0
13105,4218990,48,38.0
13109,4219170,61,49.0
13111,4219290,79,66.0
13113,4219470,89,84.0
13114,4219500,59,59.0
13123,4219890,86,84.0
13125,4220040,54,38.0
13126,4220100,78,70.0
13131,4220370,76,67.0
13136,4220550,88,80.0
13144,4221090,60,47.0
13148,4221200,78,69.0
13161,4221870,88,78.0
13178,4222440,84,81.0
13181,4222560,92,89.0
13187,4222770,82,83.0
13191,4222860,82,68.0
13200,4223640,91,94.0
13214,4224210,93,90.0
13217,4224320,63,49.0
13219,4224390,89,80.0
13223,4224570,94,90.0
13228,4224820,70,63.0
13230,4224960,78,75.0
13234,4225110,76,79.0
13239,4225290,86,88.0
13245,4225830,78,67.0
13253,4226250,70,63.0
13254,4226300,52,36.0
13256,4226390,50-54,38.0
13259,4226460,80,75.0
13262,4226580,88,83.0
13267,4226810,66,64.0
13320,7200030,41,11.0
13350,4400210,51,26.0
13351,4400240,49,27.0
13352,4400270,66,41.0
13354,4400330,42,18.0
13367,4400750,81,59.0
13370,4400840,23,10.0
13372,4400900,27,15.0
13377,4401110,51,25.0
13380,4401200,33,14.0
13384,4500720,66,49.0
13386,4500780,79,61.0
13390,4500900,70,52.0
13396,4501110,82,73.0
13397,4501170,73,57.0
13399,4501440,78,65.0
13400,4501500,73,50.0
13401,4501530,70-74,45.0
13402,4501560,69,53.0
13406,4501830,60-64,32.0
13407,4501860,56,47.0
13410,4502010,85,61.0
13413,4502130,68,51.0
13418,4502280,65,44.0
13419,4502310,78,60.0
13420,4502340,56,45.0
13425,4502490,83,69.0
13427,4502550,75,56.0
13428,4502580,67,50.0
13429,4502610,65-69,42.0
13432,4502700,79,74.0
13433,4502730,66,39.0
13436,4502820,83,60.0
13439,4503030,70-74,55.0
13440,4503060,76,50.0
13443,4503210,61,39.0
13444,4503330,79,49.0
13445,4503360,72,35.0
13446,4503390,81,67.0
13450,4503510,82,67.0
13453,4503600,82,75.0
13454,4503630,80,60.0
13455,4503660,78,50.0
13458,4503810,66,54.0
13459,4503840,76,69.0
13460,4503870,73,61.0
13461,4503900,90,86.0
13462,4503901,83,60.0
13463,4503902,62,38.0
13480,4602070,66,37.0
13577,4659820,70,46.0
13583,4666270,66,47.0
13618,4700001,45,17.0
13621,4700090,31,16.0
13627,4700147,5,2.0
13628,4700148,18,6.0
13629,4700149,48,28.0
13631,4700151,62,11.0
13632,4700152,53,20.0
13633,4700153,45,18.0
13635,4700180,22,9.0
13639,4700300,31,18.0
13640,4700330,37,18.0
13641,4700360,48,33.0
13642,4700420,24,7.0
13644,4700510,28,13.0
13645,4700570,29,7.0
13647,4700630,31,16.0
13649,4700690,38,14.0
13651,4700750,30,16.0
13652,4700780,43,17.0
13654,4700900,41,24.0
13658,4701020,42,13.0
13667,4701290,33,17.0
13669,4701400,50,41.0
13672,4701470,40,27.0
13675,4701590,31,8.0
13679,4701740,33,17.0
13681,4701800,52,34.0
13690,4702100,39,25.0
13691,4702130,60,57.0
13693,4702190,52,34.0
13694,4702220,43,12.0
13696,4702310,26,15.0
13697,4702340,37,28.0
13705,4702580,28,9.0
13707,4702640,25-29,13.0
13708,4702670,39,22.0
13710,4702760,23,9.0
13712,4702820,32,14.0
13713,4702880,28,14.0
13716,4703000,32,22.0
13717,4703030,38,19.0
13721,4703180,23,7.0
13723,4703240,53,12.0
13731,4703480,33,16.0
13732,4703510,35,31.0
13734,4703590,41,9.0
13735,4703600,33,14.0
13737,4703690,41,20.0
13740,4703780,32,24.0
13744,4703990,36,21.0
13745,4704020,42,34.0
13747,4704080,33,13.0
13755,4704350,35,8.0
13756,4704380,49,25.0
13760,4704500,20-24,18.0
13761,4704530,61,31.0
13762,4704550,45,14.0
13770,4800008,76,59.0
13772,4800010,44,35.0
13776,4800016,9,10.0
13784,4800030,46,22.0
13796,4800054,45,35.0
13797,4800055,43,32.0
13821,4800093,9,2.0
13860,4800207,33,14.0
13861,4800209,53,69.0
13862,4800210,50,71.0
13904,4800292,55,45.0
13934,4801440,55,47.0
13952,4807350,60,63.0
13955,4807440,35,49.0
13962,4807710,26,35.0
13963,4807780,70,54.0
13964,4807800,26,35.0
13965,4807830,32,33.0
13966,4807890,74,67.0
13969,4808090,39,41.0
13971,4808130,36,43.0
13975,4808280,37,54.0
13976,4808310,38,43.0
13987,4808700,39,35.0
13992,4808940,51,53.0
13998,4809200,43,56.0
14005,4809450,66,77.0
14007,4809570,31,26.0
14009,4809670,30,24.0
14011,4809720,26,36.0
14015,4809860,49,38.0
14020,4810200,26,20.0
14021,4810230,46,44.0
14032,4810710,78,67.0
14046,4811190,35,21.0
14049,4811280,38,37.0
14061,4811680,42,60.0
14064,4811790,30,19.0
14073,4812180,50,45.0
14078,4812420,52,56.0
14087,4812780,41,29.0
14088,4812810,49,51.0
14091,4813020,87,79.0
14092,4813050,40,40.0
14096,4813230,32,35.0
14106,4813590,35,32.0
14125,4814280,60,59.0
14126,4814310,41,15.0
14127,4814370,31,20.0
14129,4814430,34,38.0
14139,4814730,60,58.0
14147,4815000,57,50.0
14150,4815180,60,69.0
14151,4815210,79,55.0
14152,4815240,45,35.0
14153,4815270,34,53.0
14155,4815330,40,61.0
14166,4815750,43,45.0
14170,4815910,37,38.0
14176,4816110,54,57.0
14180,4816230,32,43.0
14186,4816410,32,44.0
14189,4816530,49,56.0
14191,4816620,27,29.0
14194,4816740,49,51.0
14196,4816860,26,19.0
14203,4817070,37,45.0
14209,4817390,23,31.0
14214,4817610,25,61.0
14215,4817640,32,22.0
14216,4817700,50,42.0
14217,4817730,43,59.0
14221,4817850,27,7.0
14224,4818000,29,20.0
14226,4818060,29,38.0
14229,4818150,20,28.0
14230,4818180,26,41.0
14232,4818280,39,27.0
14233,4818300,35,49.0
14235,4818360,28,17.0
14238,4818540,42,44.0
14245,4818810,31,45.0
14258,4819350,42,37.0
14259,4819380,62,58.0
14263,4819560,57,57.0
14265,4819650,55,52.0
14266,4819700,23,32.0
14270,4819830,53,38.0
14272,4819950,70,77.0
14274,4820010,79,72.0
14282,4820250,39,50.0
14283,4820280,31,26.0
14285,4820340,44,40.0
14292,4820600,51,22.0
14305,4821150,34,40.0
14311,4821390,27,22.0
14312,4821420,33,50.0
14320,4821660,76,56.0
14321,4821720,36,34.0
14323,4821780,40-44,38.0
14334,4822170,58,46.0
14341,4822470,31,36.0
14343,4822530,40,48.0
14359,4823010,27,34.0
14366,4823250,92,81.0
14374,4823640,33,28.0
14383,4823910,55,39.0
14386,4824030,33,8.0
14387,4824060,66,67.0
14388,4824100,51,37.0
14398,4824420,30,36.0
14412,4824930,47,64.0
14414,4824990,40,30.0
14418,4825170,67,65.0
14419,4825200,41,36.0
14421,4825260,66,62.0
14430,4825590,55,60.0
14431,4825620,40,36.0
14432,4825660,38,29.0
14435,4825740,45,38.0
14446,4826130,29,43.0
14447,4826190,44,35.0
14456,4826470,77,58.0
14458,4826580,51,56.0
14461,4826670,32,26.0
14463,4826790,27,49.0
14468,4827030,74,59.0
14476,4827300,64,69.0
14487,4827720,45,36.0
14489,4827780,29,34.0
14491,4827870,28,13.0
14497,4828110,44,38.0
14502,4828290,53,67.0
14506,4828500,40,25.0
14508,4828550,34,49.0
14514,4828740,51,43.0
14518,4828890,28,35.0
14519,4828920,55,43.0
14521,4829010,33,22.0
14525,4829160,29,20.0
14535,4829670,43,34.0
14539,4829850,61,52.0
14545,4830060,47,47.0
14549,4830250,37,41.0
14553,4830390,36,37.0
14557,4830570,31,43.0
14558,4830600,51,43.0
14559,4830640,60,61.0
14569,4831040,35,46.0
14573,4831260,60,67.0
14583,4831760,36,51.0
14591,4832090,27,17.0
14597,4832280,54,52.0
14601,4832400,33,36.0
14613,4832940,55,45.0
14618,4833120,49,49.0
14619,4833180,62,47.0
14641,4834170,36,47.0
14645,4834320,34,39.0
14648,4834440,61,57.0
14659,4834830,47,38.0
14660,4834860,33,54.0
14665,4835070,31,48.0
14666,4835100,67,51.0
14673,4835400,26,30.0
14674,4835430,49,57.0
14690,4836000,75,78.0
14704,4836660,40,49.0
14711,4837020,49,42.0
14714,4837140,34,38.0
14715,4837150,73,63.0
14727,4837650,64,47.0
14729,4837740,31,42.0
14735,4838080,63,46.0
14739,4838220,53,39.0
14751,4838700,32,25.0
14752,4838730,25,23.0
14754,4838790,31,35.0
14757,4838900,24,41.0
14759,4838970,35,20.0
14767,4839270,34,22.0
14773,4839480,58,64.0
14779,4839690,29,24.0
14784,4839930,64,65.0
14786,4839990,25,26.0
14788,4840080,33,17.0
14805,4840680,29,30.0
14806,4840710,43,52.0
14811,4840920,25,36.0
14812,4840950,31,21.0
14814,4841070,34,23.0
14815,4841100,49,37.0
14818,4841220,25,24.0
14847,4842330,27,43.0
14852,4842480,42,22.0
14853,4842510,29,27.0
14866,4842960,69,70.0
14878,4843470,36,26.0
14881,4843650,43,64.0
14883,4843720,25,18.0
14886,4843800,42,55.0
14895,4844150,33,34.0
14896,4844160,39,53.0
14898,4844280,25,42.0
14902,4844430,44,50.0
14909,4844730,49,33.0
14910,4844800,51,45.0
14916,4844960,24,36.0
14930,4845540,40,26.0
14932,4845600,55,42.0
14937,4845780,36,34.0
14939,4845900,34,30.0
14955,4846530,66,70.0
14959,4846680,43,67.0
14982,4900030,47,50.0
15020,4900090,49,43.0
15022,4900120,52,55.0
15037,4900142,44,50.0
15082,4900210,43,46.0
15083,4900240,39,40.0
15087,4900360,31,29.0
15088,4900390,39,41.0
15089,4900420,39,41.0
15092,4900510,35-39,35.0
15095,4900600,45,36.0
15096,4900630,38,43.0
15099,4900720,30,21.0
15100,4900750,35-39,38.0
15102,4900810,45,38.0
15104,4900870,34,30.0
15106,4900930,41,44.0
15110,4901050,37,37.0
15111,4901080,36,34.0
15112,4901110,49,33.0
15113,4901140,44,44.0
15115,4901200,32,38.0
15118,5300003,66,29.0
15126,5300240,75,45.0
15128,5300300,69,36.0
15131,5300330,93,79.0
15142,5300380,73,43.0
15143,5300390,87,77.0
15144,5300420,80,57.0
15146,5300480,63,33.0
15155,5300810,86,64.0
15162,5301080,76,48.0
15163,5301110,81,46.0
15167,5301230,64,39.0
15172,5301410,62,31.0
15194,5302280,73,41.0
15195,5302310,67,30.0
15198,5302400,79,51.0
15205,5302670,77,45.0
15206,5302700,67,37.0
15208,5302820,63,29.0
15209,5302850,67,32.0
15212,5302940,60,28.0
15228,5303540,68,38.0
15233,5303750,89,79.0
15237,5303930,72,36.0
15238,5303960,70,43.0
15246,5304200,80,47.0
15247,5304230,91,75.0
15252,5304470,63,35.0
15263,5304860,63,33.0
15265,5304920,80,51.0
15267,5304980,95,86.0
15271,5305130,76,49.0
15274,5305220,63,33.0
15280,5305400,64,29.0
15281,5305430,75,53.0
15291,5305760,80,52.0
15294,5305850,73,38.0
15296,5305910,89,70.0
15297,5305940,77,41.0
15304,5306180,89,65.0
15305,5306220,74,32.0
15317,5306570,53,24.0
15321,5306690,81,50.0
15329,5306960,75,40.0
15331,5307020,54,15.0
15337,5307230,75,50.0
15339,5307320,78,45.0
15349,5307710,81,58.0
15355,5307900,62,27.0
15356,5307920,84,62.0
15359,5308020,82,57.0
15360,5308040,87,65.0
15364,5308160,72,33.0
15367,5308250,66,39.0
15370,5308340,79,46.0
15379,5308610,83,50.0
15380,5308670,49,22.0
15381,5308700,63,31.0
15383,5308760,88,60.0
15389,5308970,44,13.0
15393,5309100,79,47.0
15395,5309180,82,56.0
15397,5309270,63,35.0
15402,5309450,63,32.0
15409,5309660,59,32.0
15410,5309690,63,31.0
15411,5309720,69,46.0
15422,5310110,54,21.0
15423,5310140,76,32.0
15426,5400060,55,24.0
15430,5400180,52,22.0
15434,5400300,39,12.0
15437,5400390,56,24.0
15441,5400510,57,29.0
15444,5400570,59,37.0
15445,5400600,55,29.0
15448,5400690,41,15.0
15449,5400720,58,27.0
15450,5400750,47,20.0
15453,5400840,45,21.0
15456,5400930,62,42.0
15460,5401050,56,29.0
15465,5401200,64,38.0
15466,5401230,47,27.0
15475,5401500,47,16.0
15479,5401620,53,23.0
15519,5500390,42,37.0
15537,5501050,16,14.0
15555,5501770,69,64.0
15570,5502550,35,30.0
15588,5503210,58,46.0
15591,5503510,60,51.0
15600,5504050,43,39.0
15618,5504680,32,36.0
15623,5504830,58,50.0
15631,5505160,58,61.0
15644,5505820,21,24.0
15650,5506030,60,62.0
15653,5506120,51,39.0
15655,5506180,59,67.0
15664,5506630,48,48.0
15666,5506690,47,55.0
15673,5507020,30,29.0
15679,5507320,32,23.0
15683,5507470,44,41.0
15685,5507530,39,33.0
15689,5507650,35,36.0
15704,5508520,47,40.0
15706,5508610,25,30.0
15716,5508910,32,25.0
15721,5509060,67,57.0
15724,5509130,70,63.0
15731,5509510,61,55.0
15733,5509600,18,10.0
15746,5510060,56,58.0
15748,5510170,54,53.0
15750,5510320,48,43.0
15754,5510470,58,55.0
15765,5510830,36,38.0
15767,5510890,46,43.0
15776,5511190,33,37.0
15805,5512360,22,13.0
15825,5513170,43,40.0
15836,5513650,26,26.0
15855,5514490,39,33.0
15860,5514640,46,44.0
15861,5514670,36,34.0
15875,5515330,50,46.0
15886,5515750,34,33.0
15887,5515780,41,36.0
15891,5515900,36,31.0
15894,5515990,42,41.0
15897,5516260,22,22.0
15898,5516290,37,44.0
15916,5517070,34,33.0
15922,5600730,46,50.0
15929,5601470,38,37.0
15931,5601980,42,36.0
15937,5602760,40,44.0
15947,5604060,63,47.0
15954,5604510,45,39.0
15959,5605220,43,37.0
15960,5605302,41,36.0
15963,5605695,75,66.0
15965,5605762,52,40.0
15967,5605830,60,58.0
