,leaid,rla_score
0,100005,32.0
1,100006,40.0
2,100007,69.0
3,100008,71.0
6,100013,70.0
16,100190,57.0
20,100210,64.0
21,100240,56.0
22,100270,50.0
26,100390,23.0
27,100420,48.0
31,100540,40.0
34,100660,37.0
46,101020,46.0
50,101140,34.0
51,101170,37.0
53,101230,40.0
55,101290,47.0
56,101320,54.0
58,101380,43.0
62,101530,50.0
65,101620,33.0
75,101770,45.0
76,101800,50.0
77,101830,36.0
80,101920,36.0
83,102010,47.0
84,102040,35.0
85,102070,37.0
86,102100,44.0
90,102220,54.0
94,102370,32.0
96,102430,34.0
97,102480,45.0
98,102490,89.0
101,102580,44.0
107,102700,35.0
118,103030,58.0
119,103062,47.0
123,103180,34.0
129,103360,36.0
130,103390,41.0
132,103430,81.0
133,103450,43.0
138,200001,8.0
155,200180,35.0
156,200210,40.0
162,200390,40.0
166,200510,39.0
171,200600,30.0
192,400001,70.0
248,400103,8.0
254,400112,53.0
291,400197,36.0
334,400273,11.0
347,400295,37.0
362,400329,35.0
370,400345,42.0
371,400347,36.0
372,400348,39.0
431,400432,35.0
442,400450,51.0
452,400612,15.0
455,400615,44.0
475,400680,47.0
483,400752,40.0
497,400772,40.0
515,400794,39.0
620,400920,23.0
671,401410,29.0
678,401740,32.0
681,401870,63.0
696,402690,39.0
700,402860,42.0
701,402920,34.0
711,403400,63.0
713,403450,49.0
718,403780,59.0
739,404630,45.0
745,404970,43.0
766,405930,46.0
774,406250,45.0
776,406330,30.0
802,407570,57.0
806,407750,59.0
815,408170,18.0
819,408340,56.0
824,408520,30.0
829,408800,41.0
831,408850,60.0
848,409630,21.0
849,409731,51.0
856,500015,44.0
858,500017,35.0
859,500019,44.0
863,500026,17.0
871,500042,36.0
872,500043,54.0
873,500044,36.0
878,500049,42.0
897,500394,43.0
899,500398,48.0
914,500417,46.0
916,500419,25.0
917,502250,49.0
928,502880,48.0
929,502960,56.0
930,503030,43.0
931,503060,62.0
941,503640,53.0
942,503690,56.0
944,503750,54.0
956,504380,43.0
959,504590,48.0
965,504930,46.0
976,505680,37.0
980,506060,30.0
981,506090,50.0
982,506120,58.0
986,506270,18.0
987,506330,47.0
995,506900,70.0
997,506990,71.0
1005,507380,51.0
1015,507890,31.0
1018,508040,28.0
1019,508130,40.0
1021,508280,38.0
1025,508610,51.0
1027,508670,55.0
1031,509000,31.0
1039,509390,31.0
1060,510440,43.0
1062,510680,32.0
1072,511610,51.0
1077,511850,36.0
1079,511970,49.0
1081,512060,53.0
1084,512210,53.0
1086,512450,46.0
1090,512540,49.0
1093,512660,40.0
1096,513080,49.0
1097,513110,36.0
1100,513380,76.0
1101,513410,51.0
1102,513530,56.0
1105,513930,21.0
1109,514140,46.0
1112,514430,44.0
1122,600013,74.0
1123,600014,39.0
1125,600016,58.0
1126,600017,46.0
1128,600019,79.0
1129,600020,81.0
1132,600025,83.0
1134,600027,44.0
1135,600028,76.0
1136,600029,62.0
1138,600032,56.0
1140,600034,55.0
1142,600036,51.0
1152,600047,54.0
1153,600048,58.0
1159,600062,49.0
1161,600064,56.0
1162,600065,54.0
1167,600153,64.0
1168,600158,62.0
1173,601332,44.0
1177,601414,59.0
1181,601421,39.0
1188,601620,73.0
1189,601650,81.0
1192,601770,68.0
1206,602430,41.0
1209,602630,52.0
1210,602670,68.0
1211,602700,54.0
1214,602820,37.0
1215,602850,44.0
1216,602970,64.0
1218,603030,57.0
1223,603300,53.0
1226,603600,54.0
1229,603690,51.0
1233,603840,34.0
1235,604020,39.0
1241,604290,54.0
1244,604440,62.0
1248,604620,57.0
1250,604740,66.0
1252,604830,80.0
1268,605610,78.0
1273,605820,56.0
1274,605880,59.0
1287,606450,65.0
1299,606900,44.0
1306,607230,69.0
1310,607440,74.0
1312,607500,66.0
1318,607800,65.0
1320,607900,52.0
1321,607920,46.0
1323,607970,49.0
1325,608010,57.0
1327,608130,54.0
1328,608160,65.0
1329,608190,45.0
1332,608370,62.0
1333,608460,57.0
1340,608760,70.0
1344,609030,76.0
1345,609070,37.0
1351,609390,50.0
1356,609620,28.0
1357,609640,62.0
1362,609850,65.0
1364,609940,55.0
1366,610050,58.0
1368,610260,73.0
1374,610620,77.0
1379,610860,64.0
1384,611110,54.0
1389,611460,57.0
1399,611820,61.0
1405,612070,68.0
1407,612120,56.0
1409,612180,52.0
1410,612210,80.0
1411,612330,56.0
1421,612910,56.0
1428,613360,49.0
1431,613530,51.0
1437,613890,68.0
1438,613920,53.0
1449,614400,78.0
1450,614430,80.0
1453,614550,42.0
1456,614760,62.0
1458,614820,47.0
1459,614880,65.0
1467,615180,57.0
1468,615240,67.0
1469,615270,73.0
1484,616230,60.0
1489,616325,55.0
1491,616500,58.0
1498,616740,46.0
1501,616920,49.0
1517,618060,71.0
1523,618390,30.0
1532,618930,61.0
1540,619260,41.0
1545,619490,59.0
1546,619540,49.0
1549,619650,47.0
1551,619700,70.0
1564,620130,86.0
1584,621000,64.0
1594,621400,51.0
1600,621600,57.0
1602,621690,62.0
1610,622110,61.0
1612,622230,48.0
1616,622410,46.0
1618,622500,49.0
1620,622590,75.0
1622,622710,51.0
1623,622740,47.0
1624,622800,84.0
1632,623080,58.0
1634,623160,37.0
1635,623340,42.0
1640,623610,47.0
1649,624030,46.0
1650,624090,43.0
1660,624500,72.0
1665,624660,45.0
1675,625150,47.0
1679,625320,63.0
1683,625470,45.0
1685,625530,56.0
1687,625690,56.0
1690,625800,41.0
1691,625830,61.0
1692,625860,35.0
1701,626310,79.0
1703,626370,53.0
1708,626640,53.0
1712,626880,62.0
1713,626910,67.0
1717,627060,49.0
1721,627240,60.0
1726,627590,43.0
1727,627690,46.0
1728,627720,68.0
1733,627850,87.0
1737,628050,35.0
1741,628250,52.0
1746,628650,60.0
1753,629130,49.0
1757,629270,43.0
1763,629490,51.0
1765,629550,47.0
1767,629610,88.0
1770,629700,73.0
1774,629850,44.0
1776,629940,49.0
1777,630030,32.0
1780,630210,49.0
1782,630250,70.0
1790,630600,36.0
1792,630660,72.0
1794,630750,74.0
1808,631320,44.0
1813,631530,72.0
1816,631710,52.0
1822,632010,42.0
1824,632070,73.0
1831,632370,46.0
1835,632550,40.0
1843,633150,50.0
1852,633630,72.0
1856,633750,60.0
1857,633840,48.0
1858,633860,71.0
1861,633980,47.0
1864,634140,54.0
1865,634170,44.0
1868,634320,61.0
1869,634380,80.0
1870,634410,61.0
1871,634425,67.0
1872,634440,40.0
1873,634590,52.0
1874,634620,50.0
1875,634680,44.0
1876,634710,51.0
1879,634800,69.0
1881,634880,62.0
1883,634980,71.0
1888,635110,54.0
1889,635130,87.0
1891,635250,67.0
1892,635310,35.0
1893,635430,56.0
1896,635600,58.0
1897,635670,44.0
1898,635700,78.0
1911,636270,57.0
1914,636390,62.0
1918,636600,56.0
1922,636800,65.0
1926,636840,64.0
1929,636970,56.0
1930,636972,40.0
1932,637050,35.0
1935,637200,49.0
1943,637500,79.0
1944,637530,54.0
1956,638010,33.0
1969,638640,59.0
1974,638790,72.0
1976,638980,70.0
1982,639420,72.0
1984,639630,65.0
1990,639930,54.0
1992,640150,70.0
1996,640300,51.0
1999,640590,59.0
2003,640740,32.0
2005,640980,52.0
2008,641160,56.0
2009,641190,62.0
2012,641280,77.0
2014,641430,53.0
2016,641580,44.0
2022,642000,57.0
2025,642140,65.0
2035,642480,57.0
2036,642510,78.0
2048,643080,53.0
2054,643470,59.0
2055,643560,58.0
2056,684500,73.0
2067,691012,20.0
2078,691024,16.0
2080,691026,12.0
2084,691030,7.0
2105,691078,33.0
2112,691135,46.0
2121,800020,52.0
2125,801920,61.0
2126,801950,13.0
2137,802340,20.0
2142,802490,67.0
2145,802580,26.0
2155,802910,56.0
2156,802940,73.0
2159,803060,36.0
2168,803330,40.0
2169,803360,34.0
2172,803450,58.0
2175,803540,38.0
2184,803870,29.0
2187,803990,59.0
2190,804080,36.0
2195,804260,36.0
2198,804350,35.0
2200,804410,26.0
2204,804530,30.0
2213,804800,52.0
2230,805310,64.0
2232,805370,50.0
2233,805400,46.0
2237,805550,25.0
2245,805790,31.0
2246,805820,64.0
2256,806120,27.0
2257,806150,41.0
2268,806480,30.0
2282,806900,39.0
2291,807230,12.0
2295,807350,47.0
2300,900002,36.0
2340,900450,33.0
2341,900510,55.0
2347,900700,50.0
2349,900750,81.0
2359,901020,52.0
2366,901260,46.0
2374,901470,66.0
2376,901530,81.0
2379,901620,81.0
2381,901710,86.0
2385,901860,57.0
2387,901920,36.0
2397,902310,51.0
2400,902400,42.0
2402,902520,70.0
2406,902670,31.0
2407,902700,89.0
2410,902790,38.0
2413,902880,75.0
2414,902910,82.0
2420,903090,54.0
2447,903660,84.0
2451,903810,88.0
2458,904050,72.0
2460,904110,89.0
2462,904170,73.0
2463,904230,73.0
2466,904320,56.0
2469,904440,51.0
2475,904620,80.0
2479,904740,65.0
2480,904830,29.0
2483,904920,77.0
2484,904950,44.0
2487,905040,91.0
2490,905130,89.0
2498,905371,55.0
2525,1000080,63.0
2526,1000170,60.0
2527,1000180,56.0
2528,1000190,36.0
2529,1000200,34.0
2530,1000230,30.0
2532,1000680,42.0
2537,1001240,55.0
2538,1001280,39.0
2539,1001300,50.0
2541,1001620,50.0
2556,1100030,31.0
2601,1200002,75.0
2602,1200030,59.0
2603,1200060,53.0
2604,1200090,53.0
2605,1200120,43.0
2606,1200150,60.0
2607,1200180,54.0
2608,1200210,60.0
2609,1200240,53.0
2610,1200270,51.0
2611,1200300,57.0
2612,1200330,57.0
2613,1200360,46.0
2614,1200390,53.0
2615,1200420,27.0
2617,1200480,49.0
2618,1200510,48.0
2619,1200540,56.0
2621,1200600,29.0
2622,1200630,65.0
2626,1200750,40.0
2627,1200780,40.0
2628,1200810,50.0
2629,1200840,43.0
2630,1200870,52.0
2631,1200900,50.0
2632,1200930,51.0
2633,1200960,52.0
2636,1201050,48.0
2637,1201080,51.0
2638,1201110,58.0
2639,1201140,41.0
2641,1201200,40.0
2642,1201230,52.0
2643,1201260,46.0
2644,1201290,60.0
2645,1201320,56.0
2646,1201350,65.0
2647,1201380,63.0
2648,1201410,47.0
2649,1201440,50.0
2650,1201470,48.0
2651,1201500,55.0
2652,1201530,55.0
2653,1201560,53.0
2654,1201590,43.0
2655,1201620,39.0
2656,1201650,63.0
2657,1201680,65.0
2658,1201710,60.0
2659,1201740,75.0
2660,1201770,53.0
2661,1201800,61.0
2662,1201830,44.0
2663,1201860,32.0
2664,1201890,57.0
2665,1201920,49.0
2666,1201950,56.0
2667,1201980,57.0
2668,1202010,49.0
2670,1202013,67.0
2674,1300001,34.0
2680,1300120,34.0
2694,1300227,56.0
2697,1300232,42.0
2715,1300290,38.0
2716,1300330,44.0
2719,1300420,31.0
2724,1300570,52.0
2725,1300600,70.0
2726,1300630,45.0
2731,1300780,54.0
2733,1300840,50.0
2734,1300870,45.0
2736,1300930,47.0
2738,1301020,36.0
2741,1301110,64.0
2743,1301170,31.0
2745,1301230,29.0
2747,1301290,59.0
2748,1301350,38.0
2749,1301380,38.0
2750,1301410,59.0
2753,1301500,52.0
2757,1301620,35.0
2759,1301680,73.0
2760,1301710,24.0
2761,1301740,35.0
2764,1301830,27.0
2765,1301860,42.0
2767,1301890,41.0
2770,1301980,53.0
2775,1302130,72.0
2776,1302190,47.0
2777,1302220,76.0
2779,1302280,56.0
2780,1302310,30.0
2783,1302400,55.0
2784,1302430,37.0
2787,1302520,25.0
2788,1302550,56.0
2789,1302580,50.0
2790,1302610,45.0
2793,1302700,55.0
2796,1302820,43.0
2797,1302880,44.0
2799,1302940,53.0
2806,1303150,45.0
2809,1303270,53.0
2810,1303300,42.0
2813,1303390,51.0
2816,1303480,56.0
2817,1303510,47.0
2819,1303570,32.0
2827,1303840,38.0
2828,1303870,40.0
2829,1303930,43.0
2830,1303960,75.0
2832,1304020,45.0
2835,1304110,47.0
2837,1304170,44.0
2838,1304200,41.0
2842,1304320,54.0
2844,1304380,25.0
2845,1304410,34.0
2846,1304440,46.0
2860,1304890,35.0
2862,1304980,40.0
2870,1305280,49.0
2871,1305310,32.0
2873,1305370,39.0
2874,1305390,47.0
2875,1305430,46.0
2878,1305550,34.0
2882,1305700,42.0
2887,1500030,60.0
2946,1600360,62.0
2951,1600510,40.0
2954,1600600,58.0
2956,1600660,48.0
2960,1600780,64.0
2966,1600930,53.0
2983,1601530,56.0
2984,1601570,55.0
2991,1601770,53.0
2992,1601800,66.0
2994,1601860,58.0
3002,1602100,68.0
3003,1602130,60.0
3010,1602340,56.0
3020,1602640,66.0
3021,1602670,70.0
3038,1603240,61.0
3212,1703600,31.0
3219,1703870,51.0
3224,1704020,24.0
3227,1704170,54.0
3237,1704680,13.0
3238,1704710,26.0
3242,1704920,46.0
3244,1705050,67.0
3247,1705220,55.0
3255,1705640,32.0
3257,1705790,32.0
3270,1706420,18.0
3272,1706480,35.0
3274,1706540,24.0
3280,1706960,33.0
3282,1707050,22.0
3307,1708400,45.0
3311,1708550,37.0
3327,1709420,40.0
3333,1709930,25.0
3346,1710650,27.0
3359,1711250,26.0
3362,1711370,53.0
3368,1711790,17.0
3373,1712000,32.0
3387,1712570,51.0
3388,1712700,66.0
3404,1713320,4.0
3409,1713530,51.0
3413,1713710,29.0
3417,1713940,33.0
3418,1713970,64.0
3428,1714490,56.0
3436,1715030,32.0
3464,1716380,61.0
3472,1716830,46.0
3480,1717280,21.0
3482,1717340,36.0
3486,1717550,54.0
3499,1718240,30.0
3514,1719080,73.0
3520,1719320,67.0
3524,1719560,39.0
3525,1719620,61.0
3528,1719830,52.0
3544,1720610,24.0
3567,1721780,75.0
3568,1721840,48.0
3570,1721900,60.0
3574,1722110,38.0
3579,1722500,59.0
3583,1722740,26.0
3586,1722830,74.0
3593,1723070,57.0
3600,1723350,49.0
3606,1723880,59.0
3611,1724090,47.0
3617,1724480,46.0
3634,1725320,35.0
3649,1726340,43.0
3651,1726400,30.0
3663,1726880,15.0
3674,1727570,39.0
3676,1727710,67.0
3687,1728200,80.0
3691,1728530,47.0
3693,1728620,44.0
3700,1729010,70.0
3705,1729220,24.0
3707,1729280,62.0
3716,1729790,50.0
3723,1730270,44.0
3725,1730330,34.0
3727,1730450,49.0
3746,1731110,30.0
3749,1731230,21.0
3759,1731740,39.0
3776,1732580,78.0
3782,1732910,23.0
3785,1733000,30.0
3791,1733270,26.0
3795,1733420,14.0
3807,1734020,51.0
3818,1734410,17.0
3821,1734510,22.0
3830,1734990,20.0
3871,1737080,28.0
3874,1737170,59.0
3897,1738460,47.0
3905,1738940,15.0
3906,1738970,8.0
3920,1739870,20.0
3923,1740070,30.0
3933,1740440,27.0
3942,1740800,48.0
3950,1741190,41.0
3951,1741250,12.0
3958,1741690,64.0
3965,1742180,56.0
3988,1743330,40.0
3992,1743890,23.0
3993,1743960,41.0
4006,1800030,80.0
4039,1800098,53.0
4068,1800150,30.0
4092,1800270,77.0
4094,1800360,63.0
4101,1800630,76.0
4106,1800840,50.0
4109,1801020,78.0
4113,1801200,86.0
4117,1801440,73.0
4123,1801890,63.0
4131,1802400,56.0
4135,1802490,75.0
4139,1802640,48.0
4142,1802800,68.0
4143,1802830,83.0
4144,1802850,60.0
4158,1803270,47.0
4161,1803450,53.0
4165,1803630,49.0
4167,1803690,59.0
4170,1803750,68.0
4175,1803930,54.0
4176,1803940,57.0
4179,1804050,58.0
4186,1804320,37.0
4191,1804590,76.0
4193,1804710,65.0
4194,1804770,24.0
4197,1805190,63.0
4200,1805370,35.0
4201,1805400,47.0
4202,1805450,66.0
4206,1805580,58.0
4207,1805670,46.0
4221,1806510,55.0
4222,1806570,40.0
4223,1806600,58.0
4226,1806840,46.0
4232,1807140,60.0
4234,1807260,64.0
4236,1807320,38.0
4237,1807350,87.0
4239,1807410,65.0
4244,1807650,79.0
4250,1807860,54.0
4265,1808250,82.0
4272,1808760,76.0
4273,1808820,49.0
4276,1808910,51.0
4278,1808970,78.0
4282,1809150,54.0
4286,1809370,62.0
4292,1809690,50.0
4299,1810080,53.0
4305,1810290,41.0
4310,1810440,63.0
4319,1810650,77.0
4333,1811190,71.0
4337,1811340,59.0
4348,1811970,78.0
4350,1812090,61.0
4355,1812360,40.0
4356,1812390,70.0
4357,1812420,59.0
4359,1812720,56.0
4360,1812810,36.0
4367,1813080,77.0
4396,1903540,89.0
4399,1903690,89.0
4417,1904860,86.0
4433,1906510,88.0
4434,1906540,70.0
4455,1907860,77.0
4461,1908220,61.0
4465,1908580,67.0
4471,1908970,53.0
4474,1909480,75.0
4527,1914700,76.0
4534,1915450,87.0
4548,1917220,78.0
4564,1918720,66.0
4583,1920130,74.0
4614,1923110,91.0
4637,1926400,72.0
4643,1926820,78.0
4664,1928680,82.0
4675,1930480,71.0
4676,1930510,87.0
4685,1930930,80.0
4728,2003200,39.0
4733,2003360,39.0
4789,2005460,30.0
4790,2005490,48.0
4793,2005580,12.0
4804,2005940,17.0
4816,2006390,17.0
4817,2006420,35.0
4821,2006540,39.0
4835,2007050,28.0
4850,2007620,20.0
4858,2007890,28.0
4859,2007950,11.0
4872,2008400,43.0
4873,2008430,27.0
4878,2008730,12.0
4888,2009140,38.0
4889,2009180,40.0
4913,2010140,41.0
4946,2011370,29.0
4953,2011640,41.0
4962,2012000,46.0
4970,2012260,20.0
4986,2012990,20.0
4992,2100081,46.0
5000,2100300,51.0
5006,2100510,57.0
5008,2100570,53.0
5014,2100750,44.0
5019,2100900,57.0
5023,2101020,43.0
5026,2101150,38.0
5027,2101200,47.0
5036,2101470,46.0
5047,2101860,51.0
5049,2101950,38.0
5051,2102010,42.0
5059,2102280,51.0
5064,2102490,47.0
5070,2102710,48.0
5073,2102860,48.0
5076,2102990,40.0
5078,2103030,45.0
5080,2103090,53.0
5084,2103210,46.0
5095,2103720,55.0
5098,2103810,51.0
5102,2103960,57.0
5105,2104050,50.0
5111,2104250,54.0
5114,2104410,47.0
5118,2104530,64.0
5127,2104800,45.0
5131,2104950,55.0
5140,2105260,57.0
5141,2105320,43.0
5153,2105730,48.0
5162,2106000,49.0
5169,2200030,70.0
5174,2200039,82.0
5181,2200090,85.0
5187,2200150,51.0
5194,2200180,70.0
5271,2200270,78.0
5298,2200300,66.0
5300,2200330,75.0
5306,2200510,79.0
5307,2200540,61.0
5310,2200630,78.0
5313,2200720,74.0
5316,2200810,72.0
5317,2200840,65.0
5318,2200870,71.0
5319,2200900,88.0
5321,2200990,74.0
5322,2201020,84.0
5324,2201080,66.0
5326,2201140,69.0
5327,2201170,57.0
5328,2201200,73.0
5331,2201290,76.0
5335,2201410,73.0
5336,2201440,74.0
5339,2201530,55.0
5340,2201560,71.0
5341,2201590,71.0
5342,2201620,72.0
5343,2201650,83.0
5344,2201680,66.0
5346,2201740,75.0
5348,2201800,88.0
5349,2201830,84.0
5350,2201860,77.0
5351,2201890,54.0
5473,2309930,59.0
5696,2500554,97.0
5712,2501950,98.0
5713,2501980,94.0
5718,2502190,88.0
5721,2502310,91.0
5725,2502490,98.0
5731,2502670,94.0
5735,2502790,82.0
5739,2502940,96.0
5741,2503030,94.0
5744,2503080,95.0
5745,2503090,79.0
5747,2503150,98.0
5749,2503270,92.0
5755,2503510,97.0
5756,2503540,65.0
5757,2503660,87.0
5784,2504770,81.0
5786,2504830,76.0
5791,2504980,87.0
5792,2505010,98.0
5804,2505470,88.0
5805,2505480,91.0
5806,2505485,96.0
5818,2505970,87.0
5820,2506090,98.0
5824,2506270,82.0
5830,2506510,97.0
5833,2506660,74.0
5837,2506780,88.0
5839,2506840,98.0
5841,2506930,98.0
5844,2507020,82.0
5847,2507110,74.0
5849,2507170,80.0
5850,2507230,96.0
5854,2507350,98.0
5861,2507560,90.0
5865,2507740,88.0
5875,2508050,95.0
5882,2508340,97.0
5883,2508370,98.0
5884,2508430,60.0
5885,2508440,97.0
5888,2508610,97.0
5892,2508700,94.0
5900,2508910,97.0
5903,2508960,94.0
5915,2509360,85.0
5921,2509630,86.0
5923,2509720,91.0
5926,2509870,91.0
5929,2509990,96.0
5930,2510050,83.0
5942,2510615,96.0
5945,2510770,97.0
5947,2510830,93.0
5949,2510890,84.0
5955,2511020,95.0
5959,2511130,74.0
5968,2511490,94.0
5969,2511520,84.0
5978,2511880,97.0
5982,2512000,74.0
5989,2512270,98.0
5996,2512630,88.0
5997,2512660,98.0
6002,2512840,90.0
6005,2512950,96.0
6012,2513200,90.0
6013,2513230,81.0
6950,2700117,58.0
7147,2703060,60.0
7149,2703180,63.0
7151,2703450,45.0
7159,2704440,55.0
7166,2705790,60.0
7169,2706090,57.0
7174,2707200,59.0
7175,2707290,54.0
7179,2707410,64.0
7185,2708100,62.0
7186,2708190,62.0
7208,2711040,57.0
7213,2711250,73.0
7214,2711370,67.0
7217,2711670,78.0
7218,2711760,41.0
7219,2711820,38.0
7225,2712270,63.0
7238,2713530,71.0
7251,2714220,70.0
7252,2714260,56.0
7269,2717780,72.0
7286,2718780,59.0
7297,2721240,35.0
7301,2721420,59.0
7305,2722950,63.0
7311,2723430,65.0
7317,2723850,62.0
7318,2723880,67.0
7324,2725200,59.0
7325,2728050,59.0
7340,2730060,63.0
7348,2731780,49.0
7349,2731800,55.0
7352,2732390,73.0
7353,2732430,53.0
7360,2732880,68.0
7362,2733000,54.0
7366,2733330,58.0
7371,2733510,41.0
7372,2733540,65.0
7376,2733790,62.0
7377,2733810,75.0
7378,2733840,40.0
7382,2738190,72.0
7396,2741460,62.0
7401,2742160,71.0
7402,2742270,60.0
7404,2742360,55.0
7405,2742720,43.0
7427,2800187,12.0
7429,2800189,33.0
7441,2800630,55.0
7452,2801090,58.0
7461,2801200,17.0
7465,2801320,50.0
7474,2801560,45.0
7476,2801620,20.0
7479,2801710,45.0
7480,2801740,52.0
7481,2801770,54.0
7482,2801800,20.0
7484,2801860,32.0
7491,2802160,53.0
7492,2802190,17.0
7495,2802280,40.0
7499,2802400,57.0
7500,2802430,43.0
7501,2802460,14.0
7504,2802550,38.0
7510,2802730,48.0
7512,2802790,58.0
7516,2802910,19.0
7520,2803030,20.0
7530,2803360,67.0
7532,2803450,65.0
7533,2803480,46.0
7535,2803520,53.0
7536,2803530,61.0
7547,2803830,52.0
7549,2803900,36.0
7554,2804050,32.0
7561,2804320,42.0
7565,2804470,18.0
7622,2901000,57.0
7644,2904620,63.0
7653,2905310,65.0
7663,2905760,61.0
7682,2906990,67.0
7690,2907460,49.0
7696,2908370,64.0
7762,2912010,38.0
7766,2912290,54.0
7767,2912300,69.0
7783,2913080,71.0
7803,2913830,45.0
7808,2914340,45.0
7827,2915480,52.0
7829,2915600,60.0
7833,2916190,53.0
7837,2916350,48.0
7839,2916400,33.0
7840,2916450,63.0
7849,2916770,81.0
7862,2918270,39.0
7863,2918300,69.0
7871,2918540,69.0
7874,2918690,83.0
7902,2920670,60.0
7939,2922530,75.0
7946,2922800,50.0
7949,2922890,60.0
7967,2923430,68.0
7971,2923550,70.0
7972,2923580,69.0
7975,2923700,58.0
7976,2923730,61.0
7991,2925450,54.0
8000,2926070,47.0
8003,2926220,59.0
8013,2926640,48.0
8017,2926850,75.0
8021,2927060,47.0
8031,2927830,59.0
8057,2928860,57.0
8058,2928920,65.0
8059,2928950,75.0
8064,2929280,34.0
8089,2930450,66.0
8107,2931110,65.0
8110,2931440,53.0
8112,2931500,67.0
8113,2931530,62.0
8116,2931650,69.0
8125,2932010,63.0
8187,3003900,40.0
8196,3004590,68.0
8317,3013050,45.0
8335,3013830,55.0
8354,3015420,54.0
8396,3018540,53.0
8537,3100016,31.0
8541,3100022,30.0
8626,3103810,45.0
8654,3170110,85.0
8660,3170710,42.0
8678,3172390,49.0
8685,3172840,51.0
8702,3173740,70.0
8712,3174430,44.0
8716,3174820,30.0
8723,3175270,60.0
8767,3178660,65.0
8776,3200001,42.0
8781,3200060,43.0
8782,3200090,59.0
8783,3200120,40.0
8789,3200300,42.0
8791,3200360,31.0
8792,3200390,44.0
8795,3200480,46.0
8798,3300017,77.0
8821,3301740,82.0
8834,3302460,62.0
8841,3302640,61.0
8898,3304050,65.0
8908,3304410,71.0
8911,3304590,49.0
8925,3304980,60.0
8949,3305940,55.0
8985,3307360,68.0
8987,3400004,77.0
8989,3400009,58.0
8995,3400022,30.0
8997,3400024,62.0
9019,3400070,52.0
9020,3400073,23.0
9023,3400078,31.0
9054,3400751,44.0
9056,3400753,30.0
9067,3400770,20.0
9080,3400785,31.0
9090,3400960,24.0
9091,3400990,49.0
9093,3401050,41.0
9099,3401260,59.0
9102,3401350,41.0
9105,3401440,50.0
9106,3401470,82.0
9107,3401500,61.0
9108,3401530,47.0
9112,3401650,79.0
9115,3401770,37.0
9117,3401830,43.0
9121,3401950,52.0
9123,3402030,44.0
9124,3402100,32.0
9127,3402220,49.0
9128,3402250,26.0
9129,3402280,70.0
9133,3402400,31.0
9134,3402430,36.0
9136,3402460,46.0
9137,3402490,38.0
9138,3402520,46.0
9140,3402580,67.0
9142,3402640,13.0
9143,3402670,44.0
9145,3402730,29.0
9148,3402820,49.0
9149,3402850,52.0
9150,3402880,35.0
9151,3402910,27.0
9152,3403000,59.0
9155,3403120,59.0
9156,3403150,34.0
9158,3403210,58.0
9160,3403270,42.0
9161,3403300,42.0
9165,3403420,49.0
9169,3403570,69.0
9170,3403600,68.0
9171,3403610,86.0
9172,3403620,30.0
9177,3403750,44.0
9178,3403780,34.0
9182,3403900,31.0
9183,3403930,42.0
9185,3403990,60.0
9189,3404110,71.0
9193,3404230,35.0
9195,3404320,53.0
9197,3404380,50.0
9201,3404500,68.0
9203,3404560,49.0
9204,3404590,42.0
9206,3404660,49.0
9209,3404740,52.0
9211,3404800,60.0
9215,3404920,35.0
9217,3404980,70.0
9226,3405310,77.0
9232,3405490,47.0
9236,3405610,46.0
9241,3405760,40.0
9243,3405820,46.0
9245,3405880,32.0
9247,3405970,76.0
9248,3406000,53.0
9250,3406040,60.0
9251,3406060,39.0
9258,3406270,51.0
9259,3406300,50.0
9260,3406330,29.0
9261,3406360,47.0
9262,3406390,74.0
9267,3406540,35.0
9268,3406570,65.0
9271,3406660,66.0
9277,3406870,43.0
9279,3406930,50.0
9281,3406990,42.0
9284,3407140,37.0
9287,3407230,63.0
9289,3407290,40.0
9293,3407410,66.0
9297,3407530,60.0
9299,3407570,77.0
9300,3407590,73.0
9301,3407680,23.0
9303,3407740,41.0
9305,3407800,60.0
9306,3407830,44.0
9308,3407890,43.0
9309,3407920,37.0
9311,3407980,55.0
9313,3408040,85.0
9314,3408060,54.0
9316,3408100,41.0
9319,3408190,63.0
9320,3408220,23.0
9325,3408400,61.0
9328,3408490,47.0
9329,3408500,54.0
9330,3408520,71.0
9332,3408610,44.0
9333,3408640,27.0
9339,3408820,78.0
9340,3408850,56.0
9343,3408940,30.0
9346,3409090,33.0
9350,3409210,50.0
9351,3409240,76.0
9352,3409270,38.0
9354,3409330,66.0
9355,3409360,55.0
9357,3409420,70.0
9358,3409450,34.0
9362,3409550,52.0
9364,3409630,47.0
9365,3409660,41.0
9368,3409750,63.0
9377,3409990,66.0
9378,3410020,29.0
9379,3410050,56.0
9380,3410080,48.0
9381,3410110,43.0
9384,3410200,81.0
9387,3410320,21.0
9390,3410440,42.0
9391,3410470,30.0
9392,3410500,61.0
9394,3410560,58.0
9395,3410590,73.0
9397,3410650,59.0
9399,3410710,61.0
9400,3410720,88.0
9401,3410740,60.0
9403,3410810,41.0
9408,3410980,85.0
9409,3411010,80.0
9414,3411160,27.0
9416,3411220,33.0
9418,3411280,58.0
9419,3411310,74.0
9420,3411340,34.0
9421,3411400,42.0
9422,3411430,48.0
9423,3411460,35.0
9424,3411490,45.0
9428,3411610,63.0
9429,3411640,40.0
9431,3411700,48.0
9432,3411730,65.0
9433,3411760,75.0
9437,3411880,54.0
9440,3411970,57.0
9441,3411980,81.0
9443,3412060,42.0
9450,3412260,64.0
9451,3412270,28.0
9453,3412360,32.0
9455,3412420,63.0
9457,3412480,62.0
9458,3412510,66.0
9459,3412540,17.0
9460,3412570,41.0
9461,3412600,51.0
9462,3412630,58.0
9464,3412690,17.0
9466,3412810,35.0
9467,3412840,30.0
9468,3412870,29.0
9469,3412900,67.0
9470,3412930,30.0
9471,3412960,53.0
9472,3412990,31.0
9473,3413000,51.0
9474,3413050,45.0
9476,3413110,34.0
9477,3413140,15.0
9478,3413200,13.0
9479,3413230,57.0
9481,3413290,64.0
9483,3413350,65.0
9485,3413410,76.0
9488,3413530,25.0
9489,3413560,72.0
9490,3413590,75.0
9491,3413620,51.0
9492,3413650,66.0
9493,3413680,39.0
9496,3413750,56.0
9497,3413770,62.0
9498,3413800,51.0
9499,3413830,81.0
9511,3414280,39.0
9512,3414310,46.0
9513,3414340,43.0
9515,3414400,60.0
9517,3414460,66.0
9518,3414490,52.0
9521,3414580,39.0
9523,3414640,46.0
9524,3414670,69.0
9527,3414850,51.0
9529,3414940,55.0
9534,3415090,52.0
9537,3415210,56.0
9540,3415330,58.0
9541,3415360,51.0
9542,3415390,50.0
9544,3415450,38.0
9545,3415480,35.0
9546,3415510,54.0
9547,3415540,58.0
9550,3415630,66.0
9558,3415900,75.0
9559,3415930,34.0
9563,3416080,57.0
9564,3416110,73.0
9567,3416230,50.0
9569,3416290,18.0
9572,3416380,48.0
9574,3416470,45.0
9575,3416500,44.0
9577,3416560,62.0
9582,3416710,57.0
9583,3416740,73.0
9584,3416800,19.0
9587,3416870,40.0
9588,3416890,49.0
9591,3416970,53.0
9594,3417070,36.0
9595,3417100,70.0
9599,3417220,57.0
9601,3417280,64.0
9605,3417430,42.0
9606,3417460,52.0
9608,3417500,92.0
9609,3417520,40.0
9610,3417550,78.0
9611,3417580,35.0
9612,3417610,48.0
9614,3417700,79.0
9616,3417760,72.0
9618,3417820,67.0
9625,3418000,17.0
9627,3418040,96.0
9628,3418060,30.0
9630,3418120,40.0
9636,3418300,57.0
9637,3418330,46.0
9672,3600076,91.0
9673,3600077,94.0
9674,3600078,94.0
9675,3600079,95.0
9677,3600081,92.0
9679,3600083,88.0
9680,3600084,86.0
9681,3600085,82.0
9682,3600086,85.0
9683,3600087,89.0
9684,3600088,90.0
9685,3600090,79.0
9686,3600091,95.0
9687,3600092,89.0
9688,3600094,86.0
9689,3600095,91.0
9690,3600096,85.0
9691,3600097,82.0
9692,3600098,93.0
9693,3600099,95.0
9694,3600100,95.0
9695,3600101,89.0
9696,3600102,92.0
9697,3600103,95.0
9705,3600119,92.0
9706,3600120,89.0
9707,3600121,83.0
9708,3600122,90.0
9709,3600123,89.0
9711,3600125,97.0
9722,3600151,90.0
9723,3600152,92.0
9724,3600153,94.0
9780,3602460,91.0
9798,3603270,98.0
9805,3603840,97.0
9806,3603870,96.0
9811,3604080,94.0
9827,3604870,87.0
9832,3605280,90.0
9843,3605850,82.0
9859,3606570,96.0
9866,3606870,87.0
9868,3606990,98.0
9881,3607530,96.0
9894,3608160,97.0
9897,3608310,90.0
9900,3608400,93.0
9909,3608880,92.0
9927,3609840,97.0
9945,3610560,90.0
9952,3610890,97.0
9955,3610980,95.0
9969,3611550,93.0
9972,3611670,96.0
9993,3612510,98.0
9994,3612630,91.0
10004,3613080,98.0
10007,3613290,97.0
10021,3613980,98.0
10022,3614010,96.0
10024,3614130,68.0
10028,3614280,98.0
10030,3614340,92.0
10033,3614460,97.0
10050,3615090,93.0
10062,3615570,95.0
10075,3616230,94.0
10076,3616260,98.0
10077,3616290,91.0
10085,3616620,97.0
10095,3617160,98.0
10098,3617380,97.0
10102,3617520,96.0
10105,3617670,95.0
10107,3617730,95.0
10117,3618120,97.0
10121,3618240,96.0
10123,3618330,98.0
10130,3618630,98.0
10132,3618690,89.0
10138,3619020,98.0
10141,3619200,96.0
10142,3619230,96.0
10144,3619320,96.0
10150,3619560,94.0
10151,3619650,98.0
10152,3619680,95.0
10160,3619950,97.0
10163,3620100,82.0
10168,3620340,98.0
10173,3620490,91.0
10178,3620700,87.0
10182,3620820,93.0
10184,3620880,98.0
10185,3620910,94.0
10188,3621000,98.0
10191,3621210,97.0
10195,3621270,98.0
10203,3621570,97.0
10210,3621900,98.0
10213,3622020,91.0
10224,3622470,93.0
10236,3623010,93.0
10247,3623460,94.0
10250,3623580,98.0
10272,3624690,91.0
10273,3624750,74.0
10276,3624900,95.0
10284,3625170,97.0
10288,3625350,96.0
10296,3625770,95.0
10301,3626010,82.0
10311,3626520,98.0
10314,3626670,98.0
10323,3627060,97.0
10327,3627210,98.0
10329,3627300,96.0
10339,3627810,84.0
10349,3628320,97.0
10353,3628590,79.0
10361,3628950,94.0
10370,3629280,93.0
10371,3629370,88.0
10376,3629520,98.0
10378,3629640,98.0
10384,3629880,96.0
10387,3629970,96.0
10388,3630030,96.0
10396,3630360,98.0
10401,3630540,95.0
10403,3630630,96.0
10405,3630690,98.0
10406,3630780,94.0
10409,3630960,89.0
10416,3631260,96.0
10422,3631470,98.0
10431,3631920,91.0
10435,3700011,47.0
10436,3700012,43.0
10446,3700030,44.0
10477,3700090,44.0
10528,3700240,47.0
10529,3700270,71.0
10547,3700330,38.0
10622,3700420,50.0
10624,3700450,55.0
10625,3700480,50.0
10626,3700530,54.0
10627,3700580,49.0
10629,3700630,62.0
10631,3700690,52.0
10632,3700720,75.0
10633,3700750,49.0
10637,3700900,40.0
10639,3700960,38.0
10640,3701080,53.0
10641,3701110,58.0
10642,3701140,50.0
10643,3701170,51.0
10644,3701200,38.0
10645,3701260,41.0
10646,3701320,31.0
10648,3701500,48.0
10649,3701530,44.0
10650,3701620,47.0
10653,3701800,41.0
10655,3701920,51.0
10657,3702010,39.0
10658,3702040,59.0
10659,3702100,59.0
10661,3702190,46.0
10662,3702250,44.0
10664,3702310,52.0
10666,3702370,46.0
10668,3702430,24.0
10669,3702560,41.0
10670,3702610,31.0
10672,3702680,52.0
10673,3702760,49.0
10676,3702940,55.0
10677,3702970,51.0
10679,3703060,43.0
10680,3703090,55.0
10681,3703120,61.0
10683,3703270,34.0
10684,3703310,50.0
10685,3703330,57.0
10688,3703450,46.0
10689,3703480,58.0
10691,3703540,34.0
10692,3703570,55.0
10694,3703630,36.0
10696,3703780,45.0
10697,3703870,35.0
10699,3703930,28.0
10700,3703990,39.0
10701,3704050,39.0
10702,3704080,46.0
10703,3704140,47.0
10704,3704200,37.0
10705,3704320,46.0
10706,3704380,45.0
10707,3704410,48.0
10712,3704620,65.0
10713,3704650,30.0
10714,3704720,60.0
10717,3704830,64.0
10718,3704880,39.0
10721,3704950,46.0
10722,3705020,41.0
10723,3705040,47.0
10727,3800014,44.0
10796,3806780,45.0
10806,3808130,41.0
10847,3813030,41.0
10891,3819410,47.0
10949,3900118,34.0
10971,3900180,55.0
10992,3900250,64.0
11203,3901534,27.0
11244,3904348,42.0
11249,3904353,57.0
11255,3904360,68.0
11259,3904364,89.0
11261,3904366,74.0
11266,3904371,34.0
11267,3904373,86.0
11269,3904375,48.0
11272,3904378,33.0
11273,3904379,53.0
11274,3904380,32.0
11277,3904383,59.0
11278,3904384,27.0
11281,3904387,78.0
11288,3904394,57.0
11289,3904395,39.0
11301,3904408,41.0
11303,3904410,62.0
11310,3904418,77.0
11311,3904419,73.0
11312,3904420,71.0
11313,3904421,65.0
11316,3904424,59.0
11318,3904426,31.0
11319,3904427,83.0
11326,3904435,58.0
11328,3904437,80.0
11329,3904438,73.0
11330,3904439,72.0
11331,3904440,47.0
11335,3904445,65.0
11340,3904450,87.0
11343,3904453,66.0
11344,3904454,67.0
11352,3904463,61.0
11355,3904467,48.0
11362,3904475,65.0
11365,3904480,63.0
11366,3904481,37.0
11368,3904483,69.0
11369,3904484,81.0
11371,3904486,77.0
11372,3904487,77.0
11375,3904490,32.0
11377,3904492,71.0
11378,3904493,85.0
11382,3904499,42.0
11386,3904504,63.0
11392,3904510,71.0
11394,3904513,68.0
11396,3904515,55.0
11397,3904516,27.0
11400,3904519,79.0
11425,3904547,76.0
11427,3904549,84.0
11428,3904550,78.0
11436,3904558,88.0
11470,3904609,77.0
11471,3904610,64.0
11472,3904611,81.0
11492,3904635,66.0
11510,3904660,92.0
11521,3904676,87.0
11531,3904689,77.0
11533,3904694,71.0
11535,3904696,76.0
11536,3904697,44.0
11537,3904699,83.0
11538,3904700,71.0
11539,3904701,72.0
11540,3904702,80.0
11553,3904724,78.0
11559,3904734,84.0
11560,3904736,56.0
11561,3904737,78.0
11603,3904800,69.0
11607,3904804,73.0
11611,3904811,90.0
11612,3904812,84.0
11618,3904820,85.0
11620,3904822,58.0
11621,3904823,65.0
11625,3904829,68.0
11626,3904830,70.0
11657,3904870,60.0
11659,3904872,74.0
11662,3904875,57.0
11741,3904985,87.0
11748,3904992,75.0
11749,3904993,73.0
11756,3905001,69.0
11757,3905002,91.0
11759,3905004,80.0
11762,3905007,83.0
11787,3905042,89.0
11788,3905043,75.0
11789,3905044,79.0
11790,3905045,86.0
11816,3910000,65.0
11828,3910012,63.0
11830,3910014,69.0
11845,3910029,79.0
11867,4000777,24.0
11882,4000796,19.0
11886,4000800,33.0
11913,4003630,52.0
11926,4004500,61.0
11942,4005490,38.0
11976,4007620,51.0
11979,4007740,41.0
12008,4009570,64.0
12024,4010590,70.0
12030,4010920,34.0
12103,4015720,55.0
12128,4017250,30.0
12167,4019950,30.0
12174,4020250,45.0
12184,4020970,21.0
12185,4021000,55.0
12194,4021720,53.0
12207,4022770,17.0
12216,4023280,55.0
12235,4024690,31.0
12245,4025290,33.0
12267,4026880,34.0
12294,4028680,56.0
12322,4030240,29.0
12332,4030600,38.0
12383,4033480,44.0
12397,4100023,69.0
12408,4101120,73.0
12422,4101920,75.0
12424,4102040,69.0
12433,4102800,67.0
12443,4103480,83.0
12453,4103940,67.0
12467,4104740,82.0
12472,4105160,62.0
12480,4105910,59.0
12481,4106000,64.0
12484,4106300,76.0
12485,4106510,70.0
12496,4107020,77.0
12499,4107230,87.0
12508,4108010,76.0
12509,4108040,71.0
12510,4108100,68.0
12520,4108720,64.0
12521,4108820,75.0
12522,4108830,72.0
12529,4109330,78.0
12542,4110040,63.0
12546,4110350,61.0
12548,4110520,58.0
12552,4110710,70.0
12553,4110820,74.0
12554,4110890,82.0
12560,4111290,86.0
12562,4111450,78.0
12567,4111670,60.0
12574,4112240,75.0
12582,4113170,85.0
12585,4113530,63.0
12631,4200071,61.0
12662,4200119,53.0
12669,4200127,70.0
12680,4200140,54.0
12718,4200843,21.0
12767,4202040,88.0
12771,4202280,38.0
12773,4202340,72.0
12774,4202400,93.0
12784,4202790,83.0
12786,4202850,92.0
12789,4202970,81.0
12796,4203330,64.0
12802,4203510,86.0
12803,4203570,65.0
12813,4203960,84.0
12819,4204230,63.0
12824,4204590,78.0
12829,4204890,80.0
12832,4205010,78.0
12836,4205190,74.0
12837,4205310,86.0
12840,4205400,68.0
12843,4205490,82.0
12844,4205550,70.0
12848,4205760,75.0
12857,4206240,54.0
12864,4206480,83.0
12870,4206840,79.0
12873,4206960,79.0
12876,4207110,83.0
12879,4207230,82.0
12883,4207530,88.0
12889,4207710,92.0
12897,4208550,81.0
12899,4208670,69.0
12902,4208850,68.0
12908,4209300,57.0
12923,4210070,92.0
12932,4210590,86.0
12938,4210860,78.0
12939,4210870,88.0
12956,4211610,63.0
12957,4211670,92.0
12958,4211700,56.0
12960,4211760,82.0
12961,4211790,82.0
12981,4212690,79.0
12992,4213140,44.0
13005,4214160,91.0
13007,4214250,86.0
13012,4214580,82.0
13026,4215290,66.0
13027,4215330,80.0
13038,4215830,84.0
13044,4216110,94.0
13049,4216380,84.0
13050,4216410,75.0
13058,4216980,61.0
13059,4217010,93.0
13063,4217220,81.0
13064,4217280,87.0
13066,4217370,77.0
13081,4217940,87.0
13088,4218270,84.0
13089,4218300,68.0
13094,4218510,88.0
13098,4218630,82.0
13099,4218660,92.0
13101,4218750,81.0
13104,4218840,83.0
13106,4218930,90.0
13107,4218960,94.0
13108,4218990,48.0
13112,4219170,61.0
13114,4219290,79.0
13116,4219470,89.0
13117,4219500,59.0
13126,4219890,86.0
13128,4220040,54.0
13129,4220100,78.0
13134,4220370,76.0
13139,4220550,88.0
13147,4221090,60.0
13151,4221200,78.0
13164,4221870,88.0
13181,4222440,84.0
13182,4222470,82.0
13184,4222560,92.0
13190,4222770,82.0
13194,4222860,82.0
13203,4223640,91.0
13217,4224210,93.0
13220,4224320,63.0
13222,4224390,89.0
13226,4224570,94.0
13231,4224820,70.0
13233,4224960,78.0
13237,4225110,76.0
13242,4225290,86.0
13248,4225830,78.0
13256,4226250,70.0
13257,4226300,52.0
13262,4226460,80.0
13265,4226580,88.0
13270,4226810,66.0
13323,7200030,41.0
13353,4400210,51.0
13354,4400240,49.0
13355,4400270,66.0
13357,4400330,42.0
13370,4400750,81.0
13373,4400840,23.0
13375,4400900,27.0
13380,4401110,51.0
13383,4401200,33.0
13387,4500720,66.0
13389,4500780,79.0
13393,4500900,70.0
13399,4501110,82.0
13400,4501170,73.0
13402,4501440,78.0
13403,4501500,73.0
13405,4501560,69.0
13410,4501860,56.0
13411,4501920,67.0
13413,4502010,85.0
13416,4502130,68.0
13421,4502280,65.0
13422,4502310,78.0
13423,4502340,56.0
13428,4502490,83.0
13430,4502550,75.0
13431,4502580,67.0
13435,4502700,79.0
13436,4502730,66.0
13439,4502820,83.0
13443,4503060,76.0
13446,4503210,61.0
13447,4503330,79.0
13448,4503360,72.0
13449,4503390,81.0
13452,4503480,85.0
13453,4503510,82.0
13456,4503600,82.0
13457,4503630,80.0
13458,4503660,78.0
13461,4503810,66.0
13462,4503840,76.0
13463,4503870,73.0
13464,4503900,90.0
13465,4503901,83.0
13466,4503902,62.0
13483,4602070,66.0
13580,4659820,70.0
13586,4666270,66.0
13621,4700001,45.0
13624,4700090,31.0
13630,4700147,5.0
13631,4700148,18.0
13632,4700149,48.0
13634,4700151,62.0
13635,4700152,53.0
13636,4700153,45.0
13638,4700180,22.0
13642,4700300,31.0
13643,4700330,37.0
13644,4700360,48.0
13645,4700420,24.0
13647,4700510,28.0
13648,4700570,29.0
13650,4700630,31.0
13652,4700690,38.0
13654,4700750,30.0
13655,4700780,43.0
13657,4700900,41.0
13661,4701020,42.0
13662,4701050,31.0
13670,4701290,33.0
13672,4701400,50.0
13675,4701470,40.0
13678,4701590,31.0
13682,4701740,33.0
13684,4701800,52.0
13685,4701830,41.0
13693,4702100,39.0
13694,4702130,60.0
13696,4702190,52.0
13697,4702220,43.0
13699,4702310,26.0
13700,4702340,37.0
13708,4702580,28.0
13711,4702670,39.0
13712,4702700,67.0
13713,4702760,23.0
13715,4702820,32.0
13716,4702880,28.0
13719,4703000,32.0
13720,4703030,38.0
13724,4703180,23.0
13726,4703240,53.0
13734,4703480,33.0
13735,4703510,35.0
13737,4703590,41.0
13738,4703600,33.0
13740,4703690,41.0
13743,4703780,32.0
13747,4703990,36.0
13748,4704020,42.0
13750,4704080,33.0
13758,4704350,35.0
13759,4704380,49.0
13761,4704470,41.0
13764,4704530,61.0
13765,4704550,45.0
13773,4800008,76.0
13775,4800010,44.0
13779,4800016,9.0
13787,4800030,46.0
13797,4800049,6.0
13799,4800054,45.0
13800,4800055,43.0
13816,4800075,7.0
13824,4800093,9.0
13846,4800163,84.0
13859,4800202,12.0
13863,4800207,33.0
13864,4800209,53.0
13865,4800210,50.0
13866,4800211,59.0
13874,4800236,7.0
13877,4800241,47.0
13885,4800257,35.0
13891,4800264,47.0
13893,4800266,51.0
13897,4800274,57.0
13907,4800292,55.0
13912,4801405,78.0
13930,4801432,6.0
13937,4801440,55.0
13955,4807350,60.0
13958,4807440,35.0
13962,4807590,58.0
13965,4807710,26.0
13966,4807780,70.0
13967,4807800,26.0
13968,4807830,32.0
13969,4807890,74.0
13972,4808090,39.0
13974,4808130,36.0
13978,4808280,37.0
13979,4808310,38.0
13990,4808700,39.0
13992,4808870,40.0
13995,4808940,51.0
14001,4809200,43.0
14008,4809450,66.0
14010,4809570,31.0
14011,4809630,26.0
14012,4809670,30.0
14014,4809720,26.0
14018,4809860,49.0
14023,4810200,26.0
14024,4810230,46.0
14035,4810710,78.0
14049,4811190,35.0
14052,4811280,38.0
14064,4811680,42.0
14065,4811700,39.0
14067,4811790,30.0
14076,4812180,50.0
14077,4812220,39.0
14081,4812420,52.0
14083,4812480,34.0
14090,4812780,41.0
14091,4812810,49.0
14094,4813020,87.0
14095,4813050,40.0
14097,4813170,33.0
14099,4813230,32.0
14108,4813530,58.0
14109,4813590,35.0
14111,4813650,40.0
14128,4814280,60.0
14129,4814310,41.0
14130,4814370,31.0
14132,4814430,34.0
14140,4814670,31.0
14142,4814730,60.0
14150,4815000,57.0
14153,4815180,60.0
14154,4815210,79.0
14155,4815240,45.0
14156,4815270,34.0
14158,4815330,40.0
14163,4815510,42.0
14169,4815750,43.0
14173,4815910,37.0
14179,4816110,54.0
14183,4816230,32.0
14189,4816410,32.0
14191,4816500,50.0
14192,4816530,49.0
14194,4816620,27.0
14196,4816710,43.0
14197,4816740,49.0
14199,4816860,26.0
14206,4817070,37.0
14212,4817390,23.0
14217,4817610,25.0
14218,4817640,32.0
14219,4817700,50.0
14220,4817730,43.0
14221,4817760,89.0
14224,4817850,27.0
14227,4818000,29.0
14229,4818060,29.0
14232,4818150,20.0
14233,4818180,26.0
14235,4818280,39.0
14236,4818300,35.0
14238,4818360,28.0
14241,4818540,42.0
14248,4818810,31.0
14261,4819350,42.0
14262,4819380,62.0
14266,4819560,57.0
14268,4819650,55.0
14269,4819700,23.0
14273,4819830,53.0
14274,4819840,50.0
14275,4819950,70.0
14277,4820010,79.0
14284,4820220,33.0
14285,4820250,39.0
14286,4820280,31.0
14288,4820340,44.0
14295,4820600,51.0
14306,4821060,25.0
14308,4821150,34.0
14314,4821390,27.0
14315,4821420,33.0
14323,4821660,76.0
14324,4821720,36.0
14337,4822170,58.0
14344,4822470,31.0
14346,4822530,40.0
14362,4823010,27.0
14365,4823100,31.0
14369,4823250,92.0
14377,4823640,33.0
14383,4823820,44.0
14386,4823910,55.0
14389,4824030,33.0
14390,4824060,66.0
14391,4824100,51.0
14401,4824420,30.0
14405,4824590,35.0
14415,4824930,47.0
14417,4824990,40.0
14421,4825170,67.0
14422,4825200,41.0
14424,4825260,66.0
14430,4825500,42.0
14433,4825590,55.0
14434,4825620,40.0
14435,4825660,38.0
14436,4825680,22.0
14438,4825740,45.0
14446,4826040,39.0
14449,4826130,29.0
14450,4826190,44.0
14453,4826280,26.0
14454,4826310,58.0
14458,4826430,47.0
14459,4826470,77.0
14460,4826490,30.0
14461,4826580,51.0
14463,4826640,56.0
14464,4826670,32.0
14466,4826790,27.0
14471,4827030,74.0
14479,4827300,64.0
14482,4827420,57.0
14484,4827510,61.0
14489,4827690,40.0
14490,4827720,45.0
14492,4827780,29.0
14494,4827870,28.0
14500,4828110,44.0
14505,4828290,53.0
14507,4828380,88.0
14509,4828500,40.0
14511,4828550,34.0
14515,4828680,51.0
14517,4828740,51.0
14521,4828890,28.0
14522,4828920,55.0
14524,4829010,33.0
14528,4829160,29.0
14538,4829670,43.0
14542,4829850,61.0
14548,4830060,47.0
14552,4830250,37.0
14556,4830390,36.0
14560,4830570,31.0
14561,4830600,51.0
14562,4830640,60.0
14571,4830950,26.0
14572,4831040,35.0
14576,4831260,60.0
14586,4831760,36.0
14594,4832090,27.0
14597,4832190,20.0
14600,4832280,54.0
14601,4832310,60.0
14603,4832370,61.0
14604,4832400,33.0
14616,4832940,55.0
14621,4833120,49.0
14622,4833180,62.0
14641,4834050,31.0
14644,4834170,36.0
14647,4834290,37.0
14648,4834320,34.0
14651,4834440,61.0
14654,4834550,28.0
14662,4834830,47.0
14663,4834860,33.0
14665,4834980,39.0
14668,4835070,31.0
14669,4835100,67.0
14671,4835190,35.0
14676,4835400,26.0
14677,4835430,49.0
14690,4835850,43.0
14693,4836000,75.0
14696,4836240,25.0
14707,4836660,40.0
14714,4837020,49.0
14717,4837140,34.0
14718,4837150,73.0
14726,4837440,25.0
14730,4837650,64.0
14732,4837740,31.0
14738,4838080,63.0
14742,4838220,53.0
14754,4838700,32.0
14755,4838730,25.0
14757,4838790,31.0
14759,4838850,29.0
14760,4838900,24.0
14762,4838970,35.0
14770,4839270,34.0
14776,4839480,58.0
14782,4839690,29.0
14787,4839930,64.0
14789,4839990,25.0
14791,4840080,33.0
14807,4840650,23.0
14808,4840680,29.0
14809,4840710,43.0
14810,4840740,27.0
14814,4840920,25.0
14815,4840950,31.0
14817,4841070,34.0
14818,4841100,49.0
14821,4841220,25.0
14823,4841280,36.0
14825,4841350,35.0
14828,4841520,47.0
14836,4841820,42.0
14848,4842280,33.0
14850,4842330,27.0
14854,4842450,32.0
14855,4842480,42.0
14856,4842510,29.0
14869,4842960,69.0
14879,4843350,47.0
14881,4843470,36.0
14884,4843650,43.0
14886,4843720,25.0
14889,4843800,42.0
14898,4844150,33.0
14899,4844160,39.0
14901,4844280,25.0
14905,4844430,44.0
14912,4844730,49.0
14913,4844800,51.0
14919,4844960,24.0
14933,4845540,40.0
14935,4845600,55.0
14940,4845780,36.0
14942,4845900,34.0
14957,4846500,74.0
14958,4846530,66.0
14962,4846680,43.0
14963,4846710,23.0
14985,4900030,47.0
15023,4900090,49.0
15025,4900120,52.0
15040,4900142,44.0
15085,4900210,43.0
15086,4900240,39.0
15090,4900360,31.0
15091,4900390,39.0
15092,4900420,39.0
15098,4900600,45.0
15099,4900630,38.0
15102,4900720,30.0
15105,4900810,45.0
15107,4900870,34.0
15109,4900930,41.0
15113,4901050,37.0
15114,4901080,36.0
15115,4901110,49.0
15116,4901140,44.0
15118,4901200,32.0
15121,5100060,86.0
15123,5100090,90.0
15124,5100120,84.0
15129,5100270,89.0
15130,5100300,90.0
15132,5100360,93.0
15134,5100420,92.0
15140,5100600,92.0
15141,5100660,84.0
15146,5100810,94.0
15147,5100840,93.0
15153,5101050,88.0
15155,5101110,74.0
15157,5101170,84.0
15159,5101260,94.0
15161,5101320,91.0
15165,5101440,88.0
15166,5101470,88.0
15170,5101620,91.0
15175,5101770,82.0
15176,5101800,84.0
15177,5101830,90.0
15178,5101860,91.0
15179,5101890,90.0
15180,5101920,91.0
15183,5102010,89.0
15185,5102100,88.0
15190,5102250,94.0
15191,5102280,94.0
15193,5102340,88.0
15194,5102360,79.0
15196,5102390,83.0
15199,5102460,87.0
15201,5102520,89.0
15204,5102640,85.0
15205,5102670,85.0
15210,5102820,87.0
15214,5102940,89.0
15216,5103000,86.0
15217,5103030,91.0
15219,5103090,87.0
15220,5103130,88.0
15221,5103150,84.0
15224,5103240,77.0
15226,5103300,83.0
15227,5103330,95.0
15229,5103390,86.0
15231,5103460,91.0
15233,5103510,89.0
15234,5103520,89.0
15236,5103640,89.0
15237,5103660,91.0
15239,5103710,86.0
15242,5103810,93.0
15243,5103840,92.0
15244,5103870,87.0
15245,5103900,89.0
15249,5104020,92.0
15250,5104050,87.0
15251,5104080,96.0
15252,5104110,92.0
15253,5104150,94.0
15256,5300003,66.0
15265,5300240,75.0
15267,5300300,69.0
15271,5300330,93.0
15282,5300380,73.0
15283,5300390,87.0
15284,5300420,80.0
15286,5300480,63.0
15295,5300810,86.0
15302,5301080,76.0
15303,5301110,81.0
15307,5301230,64.0
15312,5301410,62.0
15334,5302280,73.0
15335,5302310,67.0
15338,5302400,79.0
15345,5302670,77.0
15346,5302700,67.0
15348,5302820,63.0
15349,5302850,67.0
15352,5302940,60.0
15368,5303540,68.0
15373,5303750,89.0
15377,5303930,72.0
15378,5303960,70.0
15386,5304200,80.0
15387,5304230,91.0
15392,5304470,63.0
15403,5304860,63.0
15405,5304920,80.0
15407,5304980,95.0
15411,5305130,76.0
15414,5305220,63.0
15420,5305400,64.0
15421,5305430,75.0
15431,5305760,80.0
15434,5305850,73.0
15436,5305910,89.0
15437,5305940,77.0
15444,5306180,89.0
15445,5306220,74.0
15457,5306570,53.0
15461,5306690,81.0
15469,5306960,75.0
15471,5307020,54.0
15477,5307230,75.0
15479,5307320,78.0
15489,5307710,81.0
15490,5307740,56.0
15495,5307900,62.0
15496,5307920,84.0
15499,5308020,82.0
15500,5308040,87.0
15504,5308160,72.0
15507,5308250,66.0
15510,5308340,79.0
15519,5308610,83.0
15520,5308670,49.0
15521,5308700,63.0
15523,5308760,88.0
15529,5308970,44.0
15533,5309100,79.0
15535,5309180,82.0
15537,5309270,63.0
15542,5309450,63.0
15549,5309660,59.0
15550,5309690,63.0
15551,5309720,69.0
15562,5310110,54.0
15563,5310140,76.0
15566,5400060,55.0
15570,5400180,52.0
15574,5400300,39.0
15577,5400390,56.0
15581,5400510,57.0
15584,5400570,59.0
15585,5400600,55.0
15588,5400690,41.0
15589,5400720,58.0
15590,5400750,47.0
15593,5400840,45.0
15596,5400930,62.0
15600,5401050,56.0
15605,5401200,64.0
15606,5401230,47.0
15615,5401500,47.0
15619,5401620,53.0
15659,5500390,42.0
15677,5501050,16.0
15695,5501770,69.0
15710,5502550,35.0
15728,5503210,58.0
15731,5503510,60.0
15740,5504050,43.0
15758,5504680,32.0
15763,5504830,58.0
15771,5505160,58.0
15784,5505820,21.0
15790,5506030,60.0
15793,5506120,51.0
15795,5506180,59.0
15804,5506630,48.0
15806,5506690,47.0
15813,5507020,30.0
15819,5507320,32.0
15823,5507470,44.0
15825,5507530,39.0
15829,5507650,35.0
15844,5508520,47.0
15846,5508610,25.0
15856,5508910,32.0
15861,5509060,67.0
15864,5509130,70.0
15871,5509510,61.0
15873,5509600,18.0
15886,5510060,56.0
15888,5510170,54.0
15890,5510320,48.0
15894,5510470,58.0
15905,5510830,36.0
15907,5510890,46.0
15916,5511190,33.0
15945,5512360,22.0
15965,5513170,43.0
15976,5513650,26.0
15995,5514490,39.0
16000,5514640,46.0
16001,5514670,36.0
16015,5515330,50.0
16026,5515750,34.0
16027,5515780,41.0
16031,5515900,36.0
16034,5515990,42.0
16037,5516260,22.0
16038,5516290,37.0
16056,5517070,34.0
16062,5600730,46.0
16069,5601470,38.0
16071,5601980,42.0
16077,5602760,40.0
16087,5604060,63.0
16094,5604510,45.0
16099,5605220,43.0
16100,5605302,41.0
16103,5605695,75.0
16105,5605762,52.0
16107,5605830,60.0
