,leaid,math_score
0,100005,37.0
1,100006,43.0
2,100007,70.0
3,100008,75.0
6,100013,73.0
16,100190,58.0
20,100210,72.0
21,100240,53.0
22,100270,53.0
26,100390,18.0
27,100420,46.0
31,100540,40.0
34,100660,38.0
46,101020,47.0
50,101140,37.0
51,101170,35.0
53,101230,39.0
55,101290,53.0
56,101320,58.0
58,101380,44.0
62,101530,53.0
65,101620,35.0
75,101770,42.0
76,101800,47.0
77,101830,39.0
80,101920,31.0
83,102010,50.0
84,102040,38.0
85,102070,41.0
86,102100,39.0
90,102220,55.0
94,102370,37.0
96,102430,27.0
97,102480,45.0
98,102490,91.0
101,102580,47.0
107,102700,38.0
118,103030,61.0
119,103062,52.0
123,103180,34.0
129,103360,34.0
130,103390,45.0
132,103430,82.0
133,103450,33.0
138,200001,5.0
155,200180,25.0
156,200210,32.0
162,200390,24.0
166,200510,24.0
171,200600,23.0
192,400001,69.0
248,400103,12.0
254,400112,51.0
292,400197,40.0
335,400273,16.0
348,400295,35.0
363,400329,33.0
371,400345,43.0
372,400347,39.0
373,400348,38.0
432,400432,28.0
443,400450,57.0
453,400612,22.0
456,400615,53.0
475,400680,47.0
483,400752,41.0
497,400772,40.0
515,400794,41.0
620,400920,21.0
671,401410,41.0
678,401740,36.0
681,401870,65.0
696,402690,41.0
700,402860,38.0
701,402920,30.0
711,403400,66.0
713,403450,56.0
718,403780,64.0
739,404630,43.0
745,404970,48.0
766,405930,49.0
774,406250,60.0
776,406330,38.0
802,407570,62.0
806,407750,59.0
815,408170,18.0
819,408340,59.0
824,408520,28.0
829,408800,39.0
831,408850,65.0
848,409630,20.0
849,409731,57.0
856,500015,35.0
858,500017,24.0
859,500019,33.0
863,500026,6.0
871,500042,23.0
872,500043,37.0
873,500044,23.0
878,500049,38.0
897,500394,20.0
899,500398,30.0
914,500417,15.0
916,500419,15.0
917,502250,36.0
928,502880,40.0
929,502960,46.0
930,503030,28.0
931,503060,50.0
936,503320,8.0
941,503640,34.0
942,503690,45.0
944,503750,43.0
956,504380,29.0
959,504590,40.0
965,504930,44.0
976,505680,23.0
980,506060,18.0
981,506090,37.0
982,506120,47.0
986,506270,10.0
987,506330,34.0
995,506900,61.0
997,506990,52.0
1005,507380,38.0
1015,507890,16.0
1018,508040,15.0
1019,508130,30.0
1021,508280,27.0
1025,508610,39.0
1027,508670,44.0
1031,509000,22.0
1039,509390,22.0
1060,510440,25.0
1062,510680,20.0
1072,511610,48.0
1077,511850,22.0
1079,511970,33.0
1081,512060,36.0
1084,512210,39.0
1086,512450,39.0
1089,512520,27.0
1090,512540,34.0
1093,512660,33.0
1096,513080,35.0
1097,513110,26.0
1100,513380,55.0
1101,513410,36.0
1102,513530,42.0
1105,513930,10.0
1109,514140,33.0
1112,514430,29.0
1122,600013,58.0
1123,600014,21.0
1125,600016,27.0
1126,600017,18.0
1128,600019,63.0
1129,600020,68.0
1132,600025,71.0
1134,600027,19.0
1135,600028,44.0
1136,600029,35.0
1138,600032,52.0
1140,600034,26.0
1142,600036,25.0
1152,600047,28.0
1153,600048,34.0
1159,600062,30.0
1161,600064,23.0
1162,600065,15.0
1165,600069,28.0
1167,600153,54.0
1168,600158,27.0
1173,601332,18.0
1177,601414,40.0
1181,601421,21.0
1188,601620,49.0
1189,601650,68.0
1192,601770,52.0
1206,602430,16.0
1209,602630,24.0
1210,602670,45.0
1211,602700,29.0
1214,602820,12.0
1215,602850,17.0
1216,602970,62.0
1218,603030,35.0
1223,603300,25.0
1226,603600,24.0
1229,603690,24.0
1233,603840,10.0
1235,604020,15.0
1241,604290,23.0
1244,604440,26.0
1248,604620,41.0
1250,604740,53.0
1252,604830,57.0
1268,605610,42.0
1273,605820,28.0
1274,605880,48.0
1287,606450,38.0
1299,606900,24.0
1306,607230,43.0
1310,607440,49.0
1312,607500,52.0
1318,607800,54.0
1320,607900,28.0
1321,607920,13.0
1323,607970,13.0
1325,608010,18.0
1327,608130,25.0
1328,608160,37.0
1329,608190,26.0
1332,608370,43.0
1333,608460,36.0
1340,608760,48.0
1344,609030,48.0
1345,609070,14.0
1351,609390,19.0
1356,609620,9.0
1357,609640,47.0
1362,609850,37.0
1364,609940,35.0
1366,610050,28.0
1368,610260,36.0
1374,610620,67.0
1379,610860,36.0
1384,611110,20.0
1389,611460,27.0
1399,611820,40.0
1405,612070,53.0
1407,612120,30.0
1409,612180,25.0
1410,612210,68.0
1411,612330,34.0
1421,612910,23.0
1428,613360,22.0
1431,613530,24.0
1437,613890,48.0
1438,613920,24.0
1449,614400,66.0
1450,614430,75.0
1453,614550,15.0
1456,614760,42.0
1458,614820,29.0
1459,614880,44.0
1467,615180,32.0
1468,615240,47.0
1469,615270,51.0
1484,616230,33.0
1489,616325,28.0
1491,616500,19.0
1498,616740,23.0
1501,616920,17.0
1517,618060,50.0
1523,618390,8.0
1532,618930,37.0
1540,619260,17.0
1545,619490,21.0
1546,619540,21.0
1549,619650,13.0
1551,619700,29.0
1564,620130,82.0
1584,621000,48.0
1594,621400,19.0
1600,621600,31.0
1602,621690,30.0
1610,622110,46.0
1612,622230,31.0
1616,622410,23.0
1618,622500,27.0
1620,622590,57.0
1622,622710,23.0
1623,622740,15.0
1624,622800,74.0
1632,623080,30.0
1634,623160,10.0
1635,623340,14.0
1640,623610,18.0
1649,624030,27.0
1650,624090,16.0
1660,624500,54.0
1665,624660,19.0
1675,625150,22.0
1679,625320,31.0
1683,625470,14.0
1685,625530,31.0
1687,625690,38.0
1690,625800,17.0
1691,625830,39.0
1692,625860,16.0
1701,626310,68.0
1703,626370,35.0
1708,626640,28.0
1712,626880,36.0
1713,626910,36.0
1717,627060,20.0
1721,627240,39.0
1726,627590,13.0
1727,627690,17.0
1728,627720,41.0
1733,627850,73.0
1737,628050,17.0
1741,628250,30.0
1746,628650,31.0
1753,629130,20.0
1757,629270,24.0
1763,629490,19.0
1765,629550,20.0
1767,629610,86.0
1770,629700,62.0
1774,629850,20.0
1776,629940,24.0
1777,630030,16.0
1780,630210,17.0
1782,630250,40.0
1790,630600,15.0
1792,630660,51.0
1794,630750,45.0
1808,631320,15.0
1813,631530,58.0
1816,631710,29.0
1822,632010,26.0
1824,632070,45.0
1831,632370,23.0
1835,632550,17.0
1843,633150,27.0
1852,633630,48.0
1856,633750,31.0
1857,633840,27.0
1858,633860,44.0
1861,633980,19.0
1864,634140,32.0
1865,634170,17.0
1868,634320,37.0
1869,634380,65.0
1870,634410,50.0
1871,634425,51.0
1872,634440,12.0
1873,634590,35.0
1874,634620,28.0
1875,634680,18.0
1876,634710,24.0
1879,634800,52.0
1881,634880,35.0
1883,634980,52.0
1888,635110,37.0
1889,635130,70.0
1891,635250,37.0
1892,635310,18.0
1893,635430,35.0
1896,635600,34.0
1897,635670,19.0
1898,635700,50.0
1911,636270,19.0
1914,636390,47.0
1918,636600,36.0
1922,636800,27.0
1926,636840,35.0
1929,636970,28.0
1930,636972,14.0
1932,637050,9.0
1935,637200,33.0
1943,637500,67.0
1944,637530,31.0
1956,638010,15.0
1969,638640,29.0
1974,638790,56.0
1976,638980,59.0
1982,639420,52.0
1984,639630,35.0
1990,639930,27.0
1992,640150,46.0
1996,640300,21.0
1999,640590,34.0
2003,640740,12.0
2005,640980,29.0
2008,641160,20.0
2009,641190,34.0
2012,641280,70.0
2014,641430,26.0
2016,641580,21.0
2022,642000,32.0
2025,642140,32.0
2035,642480,29.0
2036,642510,48.0
2048,643080,21.0
2054,643470,25.0
2055,643560,28.0
2056,684500,68.0
2067,691012,4.0
2078,691024,5.0
2105,691078,19.0
2112,691135,21.0
2121,800020,42.0
2125,801920,55.0
2126,801950,11.0
2137,802340,20.0
2142,802490,61.0
2145,802580,29.0
2155,802910,54.0
2156,802940,70.0
2159,803060,29.0
2168,803330,31.0
2169,803360,33.0
2172,803450,55.0
2175,803540,35.0
2184,803870,20.0
2187,803990,55.0
2190,804080,30.0
2195,804260,40.0
2198,804350,28.0
2200,804410,22.0
2204,804530,26.0
2213,804800,48.0
2230,805310,60.0
2232,805370,42.0
2233,805400,38.0
2237,805550,20.0
2245,805790,28.0
2246,805820,61.0
2256,806120,20.0
2257,806150,31.0
2268,806480,29.0
2282,806900,38.0
2291,807230,8.0
2295,807350,46.0
2300,900002,13.0
2340,900450,13.0
2341,900510,33.0
2347,900700,27.0
2349,900750,58.0
2359,901020,22.0
2360,901050,81.0
2366,901260,17.0
2374,901470,28.0
2376,901530,59.0
2379,901620,68.0
2381,901710,68.0
2385,901860,28.0
2387,901920,17.0
2397,902310,29.0
2400,902400,13.0
2401,902490,27.0
2402,902520,46.0
2406,902670,12.0
2407,902700,78.0
2410,902790,17.0
2413,902880,47.0
2414,902910,61.0
2420,903090,30.0
2447,903660,65.0
2451,903810,77.0
2458,904050,49.0
2460,904110,77.0
2462,904170,52.0
2463,904230,48.0
2466,904320,36.0
2469,904440,28.0
2475,904620,66.0
2479,904740,39.0
2480,904830,10.0
2483,904920,59.0
2484,904950,18.0
2487,905040,79.0
2490,905130,74.0
2498,905371,35.0
2525,1000080,38.0
2526,1000170,36.0
2527,1000180,37.0
2528,1000190,15.0
2529,1000200,18.0
2530,1000230,13.0
2532,1000680,22.0
2537,1001240,34.0
2538,1001280,15.0
2539,1001300,27.0
2541,1001620,34.0
2556,1100030,15.0
2602,1200002,61.0
2603,1200030,51.0
2604,1200060,73.0
2605,1200090,57.0
2607,1200150,51.0
2608,1200180,46.0
2610,1200240,60.0
2611,1200270,53.0
2612,1200300,55.0
2613,1200330,59.0
2614,1200360,40.0
2615,1200390,45.0
2616,1200420,34.0
2618,1200480,51.0
2619,1200510,44.0
2620,1200540,56.0
2622,1200600,20.0
2627,1200750,45.0
2628,1200780,29.0
2629,1200810,47.0
2630,1200840,45.0
2631,1200870,48.0
2632,1200900,36.0
2633,1200930,47.0
2634,1200960,54.0
2637,1201050,49.0
2638,1201080,48.0
2639,1201110,55.0
2640,1201140,41.0
2643,1201230,52.0
2644,1201260,46.0
2645,1201290,56.0
2646,1201320,68.0
2647,1201350,63.0
2648,1201380,67.0
2649,1201410,39.0
2650,1201440,47.0
2651,1201470,35.0
2652,1201500,51.0
2653,1201530,56.0
2654,1201560,45.0
2655,1201590,41.0
2656,1201620,35.0
2657,1201650,59.0
2658,1201680,67.0
2659,1201710,52.0
2660,1201740,72.0
2661,1201770,43.0
2662,1201800,48.0
2663,1201830,39.0
2666,1201920,47.0
2667,1201950,56.0
2668,1201980,71.0
2669,1202010,39.0
2675,1300001,33.0
2679,1300060,58.0
2681,1300120,20.0
2684,1300210,12.0
2695,1300227,30.0
2698,1300232,16.0
2706,1300240,26.0
2716,1300290,32.0
2717,1300330,32.0
2718,1300360,19.0
2719,1300390,43.0
2720,1300420,18.0
2721,1300440,57.0
2722,1300480,40.0
2725,1300570,37.0
2726,1300600,83.0
2727,1300630,42.0
2728,1300660,22.0
2729,1300690,16.0
2730,1300720,35.0
2732,1300780,59.0
2733,1300810,31.0
2734,1300840,37.0
2735,1300870,50.0
2736,1300900,57.0
2737,1300930,49.0
2739,1301020,22.0
2741,1301080,20.0
2742,1301110,50.0
2744,1301170,24.0
2746,1301230,18.0
2748,1301290,52.0
2749,1301350,30.0
2750,1301380,33.0
2751,1301410,58.0
2753,1301470,29.0
2754,1301500,48.0
2756,1301560,29.0
2757,1301590,23.0
2758,1301620,26.0
2760,1301680,64.0
2761,1301710,35.0
2762,1301740,30.0
2763,1301770,48.0
2765,1301830,17.0
2766,1301860,31.0
2767,1301870,12.0
2768,1301890,45.0
2771,1301980,43.0
2773,1302040,28.0
2775,1302100,62.0
2776,1302130,64.0
2777,1302190,37.0
2778,1302220,69.0
2779,1302250,42.0
2780,1302280,47.0
2781,1302310,32.0
2782,1302340,30.0
2784,1302400,40.0
2785,1302430,49.0
2786,1302460,18.0
2787,1302490,23.0
2788,1302520,16.0
2789,1302550,46.0
2790,1302580,49.0
2791,1302610,42.0
2793,1302670,31.0
2794,1302700,50.0
2797,1302820,24.0
2798,1302880,45.0
2800,1302940,56.0
2802,1303000,38.0
2803,1303030,68.0
2804,1303060,15.0
2807,1303150,29.0
2808,1303210,15.0
2810,1303270,46.0
2811,1303300,25.0
2813,1303360,32.0
2814,1303390,54.0
2815,1303420,39.0
2817,1303480,42.0
2818,1303510,31.0
2825,1303720,49.0
2827,1303780,35.0
2828,1303840,30.0
2829,1303870,28.0
2830,1303930,21.0
2831,1303960,70.0
2832,1303990,44.0
2833,1304020,31.0
2834,1304050,29.0
2836,1304110,36.0
2837,1304140,68.0
2838,1304170,29.0
2839,1304200,29.0
2845,1304380,14.0
2846,1304410,24.0
2847,1304440,39.0
2852,1304560,42.0
2854,1304620,23.0
2861,1304890,26.0
2862,1304950,21.0
2863,1304980,38.0
2864,1305040,12.0
2870,1305250,57.0
2871,1305280,24.0
2872,1305310,29.0
2873,1305340,33.0
2874,1305370,30.0
2875,1305390,44.0
2876,1305430,47.0
2878,1305490,21.0
2879,1305550,28.0
2882,1305670,56.0
2883,1305700,36.0
2887,1305850,24.0
2888,1500030,32.0
2947,1600360,45.0
2952,1600510,17.0
2955,1600600,28.0
2957,1600660,21.0
2961,1600780,28.0
2967,1600930,25.0
2984,1601530,37.0
2985,1601570,32.0
2992,1601770,26.0
2993,1601800,37.0
2995,1601860,29.0
3003,1602100,46.0
3004,1602130,34.0
3011,1602340,24.0
3021,1602640,39.0
3022,1602670,34.0
3039,1603240,32.0
3213,1703600,25.0
3220,1703870,45.0
3225,1704020,29.0
3228,1704170,53.0
3238,1704680,13.0
3239,1704710,21.0
3243,1704920,42.0
3245,1705050,64.0
3248,1705220,59.0
3256,1705640,27.0
3258,1705790,26.0
3271,1706420,11.0
3273,1706480,30.0
3275,1706540,20.0
3281,1706960,24.0
3283,1707050,20.0
3308,1708400,45.0
3312,1708550,33.0
3328,1709420,39.0
3334,1709930,25.0
3347,1710650,24.0
3360,1711250,13.0
3363,1711370,53.0
3369,1711790,10.0
3374,1712000,22.0
3388,1712570,56.0
3389,1712700,70.0
3405,1713320,2.0
3410,1713530,43.0
3414,1713710,28.0
3418,1713940,32.0
3419,1713970,64.0
3429,1714490,51.0
3437,1715030,29.0
3465,1716380,61.0
3473,1716830,43.0
3481,1717280,12.0
3483,1717340,35.0
3487,1717550,47.0
3500,1718240,18.0
3515,1719080,67.0
3521,1719320,63.0
3525,1719560,29.0
3526,1719620,54.0
3529,1719830,52.0
3545,1720610,20.0
3568,1721780,70.0
3569,1721840,48.0
3571,1721900,59.0
3575,1722110,23.0
3580,1722500,55.0
3584,1722740,26.0
3587,1722830,73.0
3594,1723070,59.0
3601,1723350,45.0
3607,1723880,58.0
3612,1724090,49.0
3618,1724480,39.0
3635,1725320,30.0
3650,1726340,30.0
3652,1726400,27.0
3664,1726880,8.0
3675,1727570,34.0
3677,1727710,69.0
3688,1728200,76.0
3692,1728530,44.0
3694,1728620,42.0
3701,1729010,69.0
3706,1729220,24.0
3708,1729280,54.0
3717,1729790,49.0
3724,1730270,41.0
3726,1730330,28.0
3728,1730450,54.0
3747,1731110,30.0
3750,1731230,15.0
3760,1731740,37.0
3777,1732580,80.0
3783,1732910,20.0
3786,1733000,23.0
3792,1733270,25.0
3796,1733420,9.0
3808,1734020,48.0
3819,1734410,15.0
3822,1734510,17.0
3831,1734990,17.0
3872,1737080,24.0
3875,1737170,62.0
3898,1738460,43.0
3906,1738940,13.0
3907,1738970,6.0
3921,1739870,17.0
3924,1740070,29.0
3934,1740440,27.0
3943,1740800,37.0
3951,1741190,36.0
3952,1741250,10.0
3959,1741690,66.0
3966,1742180,51.0
3989,1743330,35.0
3993,1743890,18.0
3994,1743960,34.0
4007,1800030,54.0
4040,1800098,16.0
4069,1800150,20.0
4093,1800270,48.0
4095,1800360,42.0
4102,1800630,48.0
4107,1800840,36.0
4110,1801020,65.0
4114,1801200,73.0
4118,1801440,64.0
4124,1801890,32.0
4132,1802400,18.0
4136,1802490,45.0
4140,1802640,23.0
4143,1802800,50.0
4144,1802830,63.0
4145,1802850,31.0
4159,1803270,23.0
4162,1803450,30.0
4166,1803630,24.0
4168,1803690,36.0
4171,1803750,51.0
4176,1803930,36.0
4177,1803940,29.0
4180,1804050,28.0
4187,1804320,12.0
4192,1804590,38.0
4194,1804710,33.0
4195,1804770,7.0
4198,1805190,29.0
4201,1805370,15.0
4202,1805400,25.0
4203,1805450,37.0
4207,1805580,40.0
4208,1805670,25.0
4213,1806030,37.0
4222,1806510,40.0
4223,1806570,17.0
4224,1806600,42.0
4227,1806840,27.0
4233,1807140,28.0
4235,1807260,49.0
4237,1807320,21.0
4238,1807350,60.0
4240,1807410,42.0
4245,1807650,47.0
4251,1807860,35.0
4266,1808250,56.0
4273,1808760,58.0
4274,1808820,31.0
4277,1808910,31.0
4279,1808970,52.0
4283,1809150,32.0
4287,1809370,24.0
4293,1809690,19.0
4300,1810080,23.0
4306,1810290,22.0
4311,1810440,35.0
4320,1810650,60.0
4334,1811190,51.0
4338,1811340,39.0
4349,1811970,55.0
4351,1812090,33.0
4356,1812360,20.0
4357,1812390,48.0
4358,1812420,37.0
4360,1812720,30.0
4361,1812810,16.0
4368,1813080,54.0
4397,1903540,91.0
4400,1903690,92.0
4418,1904860,91.0
4434,1906510,87.0
4435,1906540,75.0
4456,1907860,78.0
4462,1908220,65.0
4466,1908580,67.0
4472,1908970,55.0
4475,1909480,81.0
4528,1914700,81.0
4535,1915450,90.0
4549,1917220,84.0
4565,1918720,71.0
4584,1920130,77.0
4615,1923110,95.0
4638,1926400,71.0
4644,1926820,81.0
4665,1928680,81.0
4676,1930480,73.0
4677,1930510,87.0
4686,1930930,80.0
4729,2003200,32.0
4734,2003360,36.0
4790,2005460,23.0
4791,2005490,41.0
4794,2005580,11.0
4805,2005940,15.0
4817,2006390,10.0
4818,2006420,25.0
4822,2006540,27.0
4836,2007050,16.0
4851,2007620,19.0
4859,2007890,18.0
4860,2007950,9.0
4873,2008400,31.0
4874,2008430,20.0
4879,2008730,10.0
4889,2009140,45.0
4890,2009180,37.0
4914,2010140,38.0
4947,2011370,17.0
4954,2011640,34.0
4963,2012000,47.0
4971,2012260,15.0
4987,2012990,12.0
4993,2100081,27.0
5001,2100300,44.0
5007,2100510,55.0
5009,2100570,42.0
5015,2100750,36.0
5020,2100900,54.0
5024,2101020,32.0
5027,2101150,23.0
5028,2101200,36.0
5037,2101470,39.0
5048,2101860,45.0
5050,2101950,27.0
5052,2102010,34.0
5060,2102280,49.0
5065,2102490,44.0
5071,2102710,43.0
5074,2102860,40.0
5077,2102990,33.0
5079,2103030,37.0
5081,2103090,52.0
5085,2103210,38.0
5096,2103720,43.0
5099,2103810,43.0
5103,2103960,46.0
5106,2104050,40.0
5112,2104250,40.0
5115,2104410,42.0
5119,2104530,61.0
5121,2104590,32.0
5128,2104800,33.0
5132,2104950,49.0
5141,2105260,48.0
5142,2105320,34.0
5154,2105730,38.0
5163,2106000,50.0
5170,2200030,64.0
5176,2200039,88.0
5183,2200090,85.0
5185,2200125,88.0
5189,2200150,63.0
5196,2200180,66.0
5273,2200270,77.0
5301,2200300,57.0
5303,2200330,73.0
5309,2200510,74.0
5310,2200540,54.0
5313,2200630,74.0
5316,2200720,79.0
5319,2200810,77.0
5320,2200840,68.0
5321,2200870,73.0
5322,2200900,80.0
5324,2200990,83.0
5325,2201020,83.0
5327,2201080,57.0
5328,2201110,33.0
5329,2201140,66.0
5330,2201170,59.0
5331,2201200,70.0
5332,2201230,91.0
5334,2201290,66.0
5338,2201410,73.0
5339,2201440,79.0
5342,2201530,62.0
5343,2201560,64.0
5344,2201590,64.0
5345,2201620,76.0
5346,2201650,80.0
5347,2201680,57.0
5349,2201740,77.0
5351,2201800,82.0
5352,2201830,81.0
5353,2201860,70.0
5354,2201890,65.0
5476,2309930,37.0
5699,2500554,83.0
5708,2501710,96.0
5715,2501950,89.0
5716,2501980,89.0
5721,2502190,75.0
5724,2502310,73.0
5728,2502490,93.0
5734,2502670,88.0
5735,2502710,90.0
5738,2502790,66.0
5742,2502940,90.0
5744,2503030,85.0
5747,2503080,78.0
5748,2503090,53.0
5750,2503150,93.0
5752,2503270,80.0
5758,2503510,91.0
5759,2503540,35.0
5760,2503660,73.0
5765,2503870,92.0
5787,2504770,58.0
5789,2504830,51.0
5794,2504980,79.0
5795,2505010,88.0
5807,2505470,67.0
5808,2505480,69.0
5809,2505485,86.0
5821,2505970,73.0
5823,2506090,91.0
5827,2506270,49.0
5833,2506510,88.0
5836,2506660,53.0
5840,2506780,73.0
5842,2506840,97.0
5844,2506930,94.0
5847,2507020,66.0
5850,2507110,55.0
5852,2507170,73.0
5853,2507230,92.0
5857,2507350,88.0
5864,2507560,72.0
5868,2507740,71.0
5878,2508050,85.0
5885,2508340,91.0
5886,2508370,93.0
5887,2508430,44.0
5888,2508440,86.0
5891,2508610,93.0
5895,2508700,88.0
5903,2508910,90.0
5906,2508960,73.0
5918,2509360,70.0
5924,2509630,69.0
5926,2509720,69.0
5929,2509870,82.0
5932,2509990,88.0
5933,2510050,67.0
5945,2510615,82.0
5948,2510770,89.0
5950,2510830,88.0
5952,2510890,68.0
5958,2511020,77.0
5962,2511130,47.0
5971,2511490,85.0
5972,2511520,60.0
5981,2511880,92.0
5985,2512000,64.0
5992,2512270,96.0
5996,2512510,75.0
5999,2512630,69.0
6000,2512660,96.0
6005,2512840,72.0
6008,2512950,83.0
6013,2513110,96.0
6015,2513200,78.0
6016,2513230,59.0
6953,2700117,19.0
7153,2703180,46.0
7155,2703450,34.0
7163,2704440,47.0
7170,2705790,52.0
7173,2706090,50.0
7178,2707200,50.0
7179,2707290,39.0
7183,2707410,43.0
7189,2708100,59.0
7190,2708190,60.0
7212,2711040,46.0
7217,2711250,64.0
7218,2711370,57.0
7221,2711670,70.0
7223,2711820,36.0
7229,2712270,54.0
7240,2713170,45.0
7242,2713530,58.0
7255,2714220,62.0
7256,2714260,55.0
7273,2717780,58.0
7290,2718780,45.0
7301,2721240,26.0
7305,2721420,53.0
7309,2722950,59.0
7315,2723430,57.0
7321,2723850,49.0
7322,2723880,57.0
7328,2725200,42.0
7329,2728050,46.0
7344,2730060,61.0
7352,2731780,27.0
7353,2731800,46.0
7356,2732390,64.0
7357,2732430,43.0
7362,2732820,72.0
7364,2732880,56.0
7366,2733000,45.0
7370,2733330,49.0
7375,2733510,35.0
7376,2733540,50.0
7380,2733790,62.0
7381,2733810,63.0
7382,2733840,27.0
7386,2738190,58.0
7400,2741460,60.0
7405,2742160,77.0
7406,2742270,46.0
7408,2742360,56.0
7409,2742720,39.0
7432,2800187,14.0
7434,2800189,19.0
7446,2800630,69.0
7457,2801090,48.0
7470,2801320,64.0
7479,2801560,43.0
7481,2801620,2.0
7484,2801710,49.0
7485,2801740,49.0
7486,2801770,52.0
7487,2801800,15.0
7489,2801860,28.0
7496,2802160,50.0
7497,2802190,4.0
7500,2802280,32.0
7504,2802400,59.0
7505,2802430,47.0
7509,2802550,36.0
7515,2802730,29.0
7517,2802790,35.0
7521,2802910,10.0
7525,2803030,15.0
7535,2803360,65.0
7537,2803450,35.0
7538,2803480,42.0
7541,2803530,71.0
7546,2803660,44.0
7552,2803830,43.0
7557,2803990,13.0
7566,2804320,26.0
7570,2804470,17.0
7627,2901000,31.0
7649,2904620,34.0
7658,2905310,57.0
7668,2905760,46.0
7687,2906990,27.0
7695,2907460,36.0
7701,2908370,62.0
7767,2912010,12.0
7771,2912290,32.0
7772,2912300,44.0
7788,2913080,35.0
7808,2913830,30.0
7832,2915480,39.0
7834,2915600,70.0
7838,2916190,55.0
7842,2916350,39.0
7844,2916400,17.0
7845,2916450,40.0
7854,2916770,73.0
7867,2918270,25.0
7868,2918300,56.0
7876,2918540,43.0
7907,2920670,48.0
7944,2922530,74.0
7951,2922800,43.0
7954,2922890,38.0
7972,2923430,55.0
7976,2923550,73.0
7977,2923580,56.0
7980,2923700,42.0
7981,2923730,30.0
7991,2925230,60.0
7996,2925450,23.0
8005,2926070,19.0
8008,2926220,54.0
8018,2926640,21.0
8022,2926850,67.0
8023,2926890,40.0
8026,2927060,39.0
8036,2927830,42.0
8062,2928860,27.0
8063,2928920,39.0
8064,2928950,65.0
8069,2929280,20.0
8094,2930450,45.0
8112,2931110,30.0
8115,2931440,38.0
8117,2931500,51.0
8121,2931650,56.0
8130,2932010,46.0
8192,3003900,34.0
8201,3004590,52.0
8322,3013050,32.0
8340,3013830,39.0
8359,3015420,32.0
8401,3018540,39.0
8542,3100016,35.0
8546,3100022,37.0
8631,3103810,52.0
8659,3170110,85.0
8665,3170710,51.0
8683,3172390,58.0
8690,3172840,51.0
8707,3173740,65.0
8717,3174430,52.0
8721,3174820,23.0
8728,3175270,61.0
8772,3178660,61.0
8781,3200001,22.0
8786,3200060,24.0
8787,3200090,44.0
8788,3200120,25.0
8794,3200300,28.0
8796,3200360,21.0
8797,3200390,27.0
8800,3200480,32.0
8803,3300017,55.0
8826,3301740,63.0
8839,3302460,40.0
8846,3302640,35.0
8903,3304050,39.0
8913,3304410,48.0
8916,3304590,26.0
8930,3304980,31.0
8954,3305940,30.0
8990,3307360,41.0
8994,3400009,38.0
9000,3400022,5.0
9002,3400024,49.0
9024,3400070,20.0
9025,3400073,7.0
9028,3400078,7.0
9061,3400753,6.0
9085,3400785,11.0
9095,3400960,11.0
9096,3400990,25.0
9098,3401050,20.0
9104,3401260,23.0
9107,3401350,13.0
9111,3401470,74.0
9112,3401500,29.0
9113,3401530,41.0
9117,3401650,70.0
9120,3401770,22.0
9122,3401830,22.0
9126,3401950,30.0
9128,3402030,29.0
9129,3402100,9.0
9132,3402220,29.0
9133,3402250,8.0
9134,3402280,52.0
9138,3402400,15.0
9139,3402430,13.0
9141,3402460,30.0
9142,3402490,20.0
9143,3402520,27.0
9145,3402580,36.0
9147,3402640,2.0
9148,3402670,21.0
9150,3402730,19.0
9153,3402820,17.0
9154,3402850,20.0
9155,3402880,8.0
9156,3402910,29.0
9157,3403000,33.0
9160,3403120,38.0
9161,3403150,14.0
9163,3403210,45.0
9165,3403270,23.0
9166,3403300,18.0
9170,3403420,25.0
9174,3403570,37.0
9176,3403610,57.0
9177,3403620,12.0
9182,3403750,32.0
9183,3403780,24.0
9187,3403900,17.0
9188,3403930,20.0
9190,3403990,48.0
9194,3404110,45.0
9198,3404230,9.0
9200,3404320,28.0
9202,3404380,35.0
9206,3404500,49.0
9208,3404560,29.0
9209,3404590,12.0
9211,3404660,16.0
9214,3404740,14.0
9216,3404800,26.0
9220,3404920,18.0
9222,3404980,53.0
9231,3405310,36.0
9237,3405490,23.0
9241,3405610,32.0
9246,3405760,18.0
9252,3405970,45.0
9253,3406000,18.0
9255,3406040,49.0
9256,3406060,21.0
9263,3406270,20.0
9264,3406300,35.0
9265,3406330,21.0
9266,3406360,33.0
9267,3406390,60.0
9272,3406540,17.0
9273,3406570,31.0
9276,3406660,44.0
9282,3406870,11.0
9284,3406930,41.0
9286,3406990,20.0
9289,3407140,29.0
9292,3407230,52.0
9294,3407290,7.0
9298,3407410,57.0
9302,3407530,47.0
9304,3407570,40.0
9305,3407590,45.0
9306,3407680,3.0
9308,3407740,25.0
9310,3407800,20.0
9311,3407830,20.0
9313,3407890,12.0
9314,3407920,7.0
9316,3407980,37.0
9318,3408040,60.0
9319,3408060,35.0
9321,3408100,23.0
9324,3408190,37.0
9325,3408220,6.0
9330,3408400,28.0
9333,3408490,31.0
9334,3408500,32.0
9335,3408520,39.0
9337,3408610,5.0
9338,3408640,6.0
9344,3408820,56.0
9345,3408850,31.0
9348,3408940,18.0
9351,3409090,27.0
9355,3409210,18.0
9356,3409240,63.0
9357,3409270,27.0
9359,3409330,56.0
9360,3409360,34.0
9362,3409420,42.0
9363,3409450,21.0
9367,3409550,29.0
9370,3409660,20.0
9373,3409750,39.0
9382,3409990,49.0
9383,3410020,17.0
9384,3410050,37.0
9385,3410080,24.0
9386,3410110,28.0
9389,3410200,73.0
9392,3410320,6.0
9395,3410440,30.0
9396,3410470,20.0
9397,3410500,46.0
9399,3410560,39.0
9400,3410590,68.0
9402,3410650,46.0
9404,3410710,48.0
9405,3410720,73.0
9406,3410740,41.0
9408,3410810,28.0
9413,3410980,46.0
9414,3411010,50.0
9419,3411160,11.0
9421,3411220,10.0
9423,3411280,34.0
9424,3411310,64.0
9425,3411340,15.0
9426,3411400,26.0
9427,3411430,18.0
9428,3411460,7.0
9429,3411490,23.0
9433,3411610,57.0
9434,3411640,12.0
9436,3411700,29.0
9437,3411730,64.0
9438,3411760,61.0
9442,3411880,31.0
9445,3411970,30.0
9448,3412060,34.0
9455,3412260,61.0
9456,3412270,13.0
9458,3412360,20.0
9460,3412420,45.0
9462,3412480,46.0
9463,3412510,51.0
9464,3412540,7.0
9465,3412570,22.0
9466,3412600,9.0
9467,3412630,40.0
9469,3412690,3.0
9471,3412810,8.0
9472,3412840,7.0
9473,3412870,13.0
9474,3412900,51.0
9475,3412930,15.0
9476,3412960,24.0
9477,3412990,4.0
9478,3413000,23.0
9479,3413050,31.0
9481,3413110,23.0
9482,3413140,4.0
9483,3413200,4.0
9486,3413290,39.0
9488,3413350,40.0
9490,3413410,48.0
9493,3413530,9.0
9494,3413560,52.0
9495,3413590,53.0
9496,3413620,41.0
9497,3413650,44.0
9498,3413680,14.0
9501,3413750,39.0
9502,3413770,33.0
9503,3413800,17.0
9504,3413830,67.0
9516,3414280,6.0
9517,3414310,16.0
9518,3414340,34.0
9520,3414400,44.0
9522,3414460,31.0
9523,3414490,25.0
9526,3414580,24.0
9528,3414640,20.0
9529,3414670,53.0
9532,3414850,31.0
9534,3414940,20.0
9539,3415090,29.0
9542,3415210,40.0
9545,3415330,43.0
9546,3415360,37.0
9547,3415390,17.0
9549,3415450,21.0
9550,3415480,31.0
9551,3415510,43.0
9552,3415540,32.0
9563,3415900,70.0
9564,3415930,20.0
9568,3416080,27.0
9569,3416110,65.0
9572,3416230,21.0
9574,3416290,4.0
9577,3416380,17.0
9580,3416470,22.0
9581,3416500,25.0
9583,3416560,48.0
9588,3416710,27.0
9589,3416740,47.0
9590,3416800,9.0
9593,3416870,18.0
9594,3416890,38.0
9597,3416970,28.0
9600,3417070,22.0
9601,3417100,40.0
9605,3417220,27.0
9607,3417280,44.0
9611,3417430,25.0
9612,3417460,43.0
9614,3417500,89.0
9615,3417520,18.0
9616,3417550,57.0
9617,3417580,13.0
9618,3417610,26.0
9620,3417700,66.0
9622,3417760,59.0
9624,3417820,49.0
9631,3418000,4.0
9633,3418040,84.0
9634,3418060,13.0
9636,3418120,26.0
9642,3418300,14.0
9643,3418330,24.0
9655,3600008,89.0
9678,3600076,85.0
9679,3600077,88.0
9680,3600078,89.0
9681,3600079,92.0
9683,3600081,85.0
9685,3600083,86.0
9686,3600084,77.0
9687,3600085,76.0
9688,3600086,81.0
9689,3600087,86.0
9690,3600088,83.0
9691,3600090,77.0
9692,3600091,92.0
9693,3600092,82.0
9694,3600094,75.0
9695,3600095,86.0
9696,3600096,77.0
9697,3600097,73.0
9698,3600098,91.0
9699,3600099,95.0
9700,3600100,93.0
9701,3600101,83.0
9702,3600102,91.0
9703,3600103,88.0
9711,3600119,87.0
9712,3600120,78.0
9713,3600121,74.0
9714,3600122,88.0
9715,3600123,86.0
9717,3600125,85.0
9728,3600151,91.0
9729,3600152,88.0
9730,3600153,92.0
9788,3602460,80.0
9806,3603270,97.0
9813,3603840,91.0
9814,3603870,93.0
9819,3604080,91.0
9831,3604710,98.0
9835,3604870,87.0
9840,3605280,91.0
9851,3605850,81.0
9867,3606570,96.0
9874,3606870,88.0
9889,3607530,96.0
9891,3607590,98.0
9902,3608160,94.0
9905,3608310,93.0
9908,3608400,91.0
9917,3608880,96.0
9931,3609630,98.0
9935,3609840,97.0
9953,3610560,84.0
9960,3610890,98.0
9963,3610980,89.0
9977,3611550,85.0
9980,3611670,94.0
9986,3611880,92.0
10002,3612630,91.0
10012,3613080,97.0
10015,3613290,97.0
10029,3613980,97.0
10030,3614010,89.0
10032,3614130,69.0
10036,3614280,98.0
10038,3614340,75.0
10041,3614460,96.0
10058,3615090,93.0
10070,3615570,95.0
10083,3616230,92.0
10084,3616260,94.0
10085,3616290,90.0
10093,3616620,96.0
10094,3616680,98.0
10103,3617160,97.0
10106,3617380,87.0
10110,3617520,92.0
10113,3617670,92.0
10115,3617730,93.0
10125,3618120,95.0
10129,3618240,94.0
10138,3618630,97.0
10140,3618690,74.0
10146,3619020,98.0
10149,3619200,87.0
10150,3619230,89.0
10152,3619320,92.0
10158,3619560,94.0
10159,3619650,97.0
10160,3619680,93.0
10168,3619950,95.0
10171,3620100,77.0
10176,3620340,98.0
10181,3620490,86.0
10186,3620700,84.0
10190,3620820,87.0
10193,3620910,94.0
10199,3621210,96.0
10203,3621270,98.0
10211,3621570,90.0
10218,3621900,97.0
10232,3622470,93.0
10238,3622710,98.0
10244,3623010,90.0
10249,3623220,98.0
10255,3623460,91.0
10258,3623580,98.0
10280,3624690,90.0
10281,3624750,67.0
10284,3624900,87.0
10292,3625170,96.0
10296,3625350,94.0
10304,3625770,96.0
10309,3626010,77.0
10319,3626520,97.0
10322,3626670,97.0
10331,3627060,96.0
10335,3627210,97.0
10337,3627300,97.0
10347,3627810,74.0
10356,3628200,98.0
10357,3628320,95.0
10361,3628590,70.0
10369,3628950,96.0
10378,3629280,85.0
10379,3629370,82.0
10384,3629520,98.0
10392,3629880,95.0
10395,3629970,91.0
10396,3630030,92.0
10404,3630360,96.0
10409,3630540,92.0
10411,3630630,97.0
10413,3630690,96.0
10414,3630780,93.0
10417,3630960,87.0
10424,3631260,90.0
10430,3631470,98.0
10439,3631920,88.0
10441,3631980,98.0
10735,3800014,33.0
10804,3806780,41.0
10814,3808130,35.0
10855,3813030,33.0
10899,3819410,35.0
10956,3900118,9.0
10978,3900180,36.0
10999,3900250,27.0
11209,3901534,12.0
11250,3904348,22.0
11255,3904353,28.0
11261,3904360,50.0
11267,3904366,47.0
11272,3904371,13.0
11273,3904373,68.0
11275,3904375,27.0
11278,3904378,16.0
11279,3904379,29.0
11280,3904380,13.0
11283,3904383,43.0
11284,3904384,15.0
11287,3904387,53.0
11294,3904394,30.0
11295,3904395,13.0
11296,3904396,29.0
11307,3904408,17.0
11309,3904410,44.0
11316,3904418,55.0
11318,3904420,50.0
11319,3904421,54.0
11324,3904426,17.0
11325,3904427,71.0
11334,3904437,59.0
11335,3904438,59.0
11336,3904439,52.0
11337,3904440,23.0
11341,3904445,39.0
11346,3904450,73.0
11349,3904453,55.0
11350,3904454,63.0
11358,3904463,47.0
11361,3904467,25.0
11368,3904475,57.0
11370,3904479,35.0
11371,3904480,42.0
11372,3904481,17.0
11374,3904483,47.0
11375,3904484,81.0
11377,3904486,69.0
11378,3904487,68.0
11381,3904490,16.0
11383,3904492,64.0
11384,3904493,86.0
11388,3904499,25.0
11392,3904504,55.0
11398,3904510,46.0
11400,3904513,52.0
11402,3904515,25.0
11403,3904516,14.0
11431,3904547,61.0
11433,3904549,68.0
11434,3904550,58.0
11442,3904558,80.0
11476,3904609,56.0
11477,3904610,44.0
11478,3904611,71.0
11498,3904635,45.0
11516,3904660,91.0
11527,3904676,80.0
11537,3904689,46.0
11539,3904694,56.0
11541,3904696,53.0
11542,3904697,26.0
11543,3904699,69.0
11544,3904700,24.0
11545,3904701,64.0
11546,3904702,69.0
11559,3904724,60.0
11565,3904734,72.0
11566,3904736,34.0
11567,3904737,59.0
11609,3904800,48.0
11613,3904804,62.0
11617,3904811,78.0
11618,3904812,82.0
11624,3904820,74.0
11626,3904822,37.0
11627,3904823,42.0
11631,3904829,53.0
11632,3904830,45.0
11663,3904870,29.0
11665,3904872,53.0
11668,3904875,31.0
11676,3904887,36.0
11689,3904909,63.0
11747,3904985,72.0
11754,3904992,50.0
11755,3904993,56.0
11763,3905002,77.0
11765,3905004,71.0
11768,3905007,64.0
11793,3905042,71.0
11794,3905043,65.0
11795,3905044,63.0
11796,3905045,83.0
11819,3906190,32.0
11822,3910000,53.0
11832,3910010,38.0
11834,3910012,52.0
11836,3910014,55.0
11851,3910029,58.0
11873,4000777,7.0
11888,4000796,6.0
11892,4000800,10.0
11919,4003630,35.0
11932,4004500,44.0
11948,4005490,23.0
11982,4007620,24.0
11985,4007740,24.0
12014,4009570,46.0
12030,4010590,51.0
12036,4010920,18.0
12109,4015720,39.0
12134,4017250,16.0
12173,4019950,16.0
12180,4020250,28.0
12190,4020970,11.0
12191,4021000,32.0
12200,4021720,39.0
12213,4022770,9.0
12222,4023280,36.0
12241,4024690,19.0
12251,4025290,16.0
12273,4026880,20.0
12300,4028680,41.0
12328,4030240,19.0
12338,4030600,26.0
12389,4033480,25.0
12403,4100023,28.0
12414,4101120,33.0
12428,4101920,42.0
12430,4102040,25.0
12439,4102800,29.0
12449,4103480,42.0
12459,4103940,30.0
12473,4104740,47.0
12478,4105160,32.0
12486,4105910,32.0
12487,4106000,23.0
12490,4106300,33.0
12491,4106510,34.0
12502,4107020,35.0
12505,4107230,65.0
12514,4108010,43.0
12515,4108040,39.0
12516,4108100,20.0
12526,4108720,29.0
12527,4108820,24.0
12528,4108830,35.0
12535,4109330,36.0
12548,4110040,28.0
12552,4110350,23.0
12554,4110520,22.0
12558,4110710,37.0
12559,4110820,38.0
12560,4110890,42.0
12566,4111290,45.0
12568,4111450,46.0
12573,4111670,22.0
12580,4112240,48.0
12588,4113170,64.0
12591,4113530,23.0
12637,4200071,44.0
12668,4200119,35.0
12675,4200127,55.0
12686,4200140,29.0
12724,4200843,15.0
12773,4202040,80.0
12777,4202280,30.0
12779,4202340,65.0
12780,4202400,91.0
12790,4202790,78.0
12792,4202850,87.0
12795,4202970,74.0
12802,4203330,56.0
12808,4203510,74.0
12809,4203570,50.0
12819,4203960,83.0
12825,4204230,49.0
12830,4204590,77.0
12835,4204890,73.0
12838,4205010,73.0
12842,4205190,64.0
12843,4205310,85.0
12846,4205400,58.0
12849,4205490,79.0
12850,4205550,61.0
12854,4205760,61.0
12863,4206240,39.0
12870,4206480,80.0
12876,4206840,70.0
12879,4206960,83.0
12882,4207110,69.0
12885,4207230,75.0
12889,4207530,75.0
12895,4207710,90.0
12903,4208550,79.0
12905,4208670,58.0
12908,4208850,59.0
12914,4209300,56.0
12929,4210070,89.0
12938,4210590,85.0
12944,4210860,68.0
12945,4210870,82.0
12962,4211610,69.0
12963,4211670,93.0
12964,4211700,40.0
12966,4211760,70.0
12967,4211790,79.0
12987,4212690,70.0
12998,4213140,37.0
13003,4213440,36.0
13011,4214160,82.0
13013,4214250,83.0
13018,4214580,84.0
13032,4215290,51.0
13033,4215330,78.0
13044,4215830,81.0
13050,4216110,92.0
13055,4216380,83.0
13056,4216410,76.0
13064,4216980,53.0
13065,4217010,91.0
13069,4217220,82.0
13070,4217280,83.0
13072,4217370,72.0
13087,4217940,74.0
13094,4218270,79.0
13095,4218300,59.0
13100,4218510,77.0
13104,4218630,81.0
13105,4218660,85.0
13107,4218750,77.0
13110,4218840,75.0
13112,4218930,83.0
13113,4218960,93.0
13114,4218990,38.0
13118,4219170,49.0
13120,4219290,66.0
13122,4219470,84.0
13123,4219500,59.0
13132,4219890,84.0
13134,4220040,38.0
13135,4220100,70.0
13140,4220370,67.0
13145,4220550,80.0
13153,4221090,47.0
13157,4221200,69.0
13170,4221870,78.0
13187,4222440,81.0
13190,4222560,89.0
13196,4222770,83.0
13200,4222860,68.0
13209,4223640,94.0
13223,4224210,90.0
13226,4224320,49.0
13228,4224390,80.0
13232,4224570,90.0
13237,4224820,63.0
13239,4224960,75.0
13243,4225110,79.0
13248,4225290,88.0
13254,4225830,67.0
13262,4226250,63.0
13263,4226300,36.0
13265,4226390,38.0
13268,4226460,75.0
13271,4226580,83.0
13276,4226810,64.0
13330,7200030,11.0
13360,4400210,26.0
13361,4400240,27.0
13362,4400270,41.0
13364,4400330,18.0
13377,4400750,59.0
13380,4400840,10.0
13382,4400900,15.0
13387,4401110,25.0
13390,4401200,14.0
13394,4500720,49.0
13396,4500780,61.0
13400,4500900,52.0
13406,4501110,73.0
13407,4501170,57.0
13409,4501440,65.0
13410,4501500,50.0
13411,4501530,45.0
13412,4501560,53.0
13416,4501830,32.0
13417,4501860,47.0
13420,4502010,61.0
13423,4502130,51.0
13428,4502280,44.0
13429,4502310,60.0
13430,4502340,45.0
13435,4502490,69.0
13437,4502550,56.0
13438,4502580,50.0
13439,4502610,42.0
13442,4502700,74.0
13443,4502730,39.0
13446,4502820,60.0
13449,4503030,55.0
13450,4503060,50.0
13453,4503210,39.0
13454,4503330,49.0
13455,4503360,35.0
13456,4503390,67.0
13460,4503510,67.0
13463,4503600,75.0
13464,4503630,60.0
13465,4503660,50.0
13468,4503810,54.0
13469,4503840,69.0
13470,4503870,61.0
13471,4503900,86.0
13472,4503901,60.0
13473,4503902,38.0
13490,4602070,37.0
13587,4659820,46.0
13593,4666270,47.0
13628,4700001,17.0
13631,4700090,16.0
13637,4700147,2.0
13638,4700148,6.0
13639,4700149,28.0
13641,4700151,11.0
13642,4700152,20.0
13643,4700153,18.0
13646,4700180,9.0
13650,4700300,18.0
13651,4700330,18.0
13652,4700360,33.0
13653,4700420,7.0
13655,4700510,13.0
13656,4700570,7.0
13658,4700630,16.0
13660,4700690,14.0
13662,4700750,16.0
13663,4700780,17.0
13665,4700900,24.0
13669,4701020,13.0
13678,4701290,17.0
13680,4701400,41.0
13683,4701470,27.0
13686,4701590,8.0
13690,4701740,17.0
13692,4701800,34.0
13701,4702100,25.0
13702,4702130,57.0
13704,4702190,34.0
13705,4702220,12.0
13707,4702310,15.0
13708,4702340,28.0
13716,4702580,9.0
13718,4702640,13.0
13719,4702670,22.0
13721,4702760,9.0
13723,4702820,14.0
13724,4702880,14.0
13727,4703000,22.0
13728,4703030,19.0
13732,4703180,7.0
13734,4703240,12.0
13742,4703480,16.0
13743,4703510,31.0
13745,4703590,9.0
13746,4703600,14.0
13748,4703690,20.0
13751,4703780,24.0
13755,4703990,21.0
13756,4704020,34.0
13758,4704080,13.0
13766,4704350,8.0
13767,4704380,25.0
13771,4704500,18.0
13772,4704530,31.0
13773,4704550,14.0
13781,4800008,59.0
13783,4800010,35.0
13787,4800016,10.0
13795,4800030,22.0
13807,4800054,35.0
13808,4800055,32.0
13832,4800093,2.0
13871,4800207,14.0
13872,4800209,69.0
13873,4800210,71.0
13915,4800292,45.0
13945,4801440,47.0
13964,4807350,63.0
13967,4807440,49.0
13974,4807710,35.0
13975,4807780,54.0
13976,4807800,35.0
13977,4807830,33.0
13978,4807890,67.0
13981,4808090,41.0
13983,4808130,43.0
13987,4808280,54.0
13988,4808310,43.0
13999,4808700,35.0
14004,4808940,53.0
14010,4809200,56.0
14017,4809450,77.0
14019,4809570,26.0
14021,4809670,24.0
14023,4809720,36.0
14027,4809860,38.0
14032,4810200,20.0
14033,4810230,44.0
14044,4810710,67.0
14058,4811190,21.0
14061,4811280,37.0
14073,4811680,60.0
14076,4811790,19.0
14085,4812180,45.0
14090,4812420,56.0
14099,4812780,29.0
14100,4812810,51.0
14103,4813020,79.0
14104,4813050,40.0
14108,4813230,35.0
14118,4813590,32.0
14137,4814280,59.0
14138,4814310,15.0
14139,4814370,20.0
14141,4814430,38.0
14151,4814730,58.0
14159,4815000,50.0
14162,4815180,69.0
14163,4815210,55.0
14164,4815240,35.0
14165,4815270,53.0
14167,4815330,61.0
14178,4815750,45.0
14182,4815910,38.0
14188,4816110,57.0
14192,4816230,43.0
14198,4816410,44.0
14201,4816530,56.0
14203,4816620,29.0
14206,4816740,51.0
14208,4816860,19.0
14215,4817070,45.0
14221,4817390,31.0
14226,4817610,61.0
14227,4817640,22.0
14228,4817700,42.0
14229,4817730,59.0
14233,4817850,7.0
14236,4818000,20.0
14238,4818060,38.0
14241,4818150,28.0
14242,4818180,41.0
14244,4818280,27.0
14245,4818300,49.0
14247,4818360,17.0
14250,4818540,44.0
14257,4818810,45.0
14270,4819350,37.0
14271,4819380,58.0
14275,4819560,57.0
14277,4819650,52.0
14278,4819700,32.0
14282,4819830,38.0
14284,4819950,77.0
14286,4820010,72.0
14294,4820250,50.0
14295,4820280,26.0
14297,4820340,40.0
14304,4820600,22.0
14317,4821150,40.0
14323,4821390,22.0
14324,4821420,50.0
14332,4821660,56.0
14333,4821720,34.0
14335,4821780,38.0
14346,4822170,46.0
14353,4822470,36.0
14355,4822530,48.0
14371,4823010,34.0
14378,4823250,81.0
14386,4823640,28.0
14395,4823910,39.0
14398,4824030,8.0
14399,4824060,67.0
14400,4824100,37.0
14410,4824420,36.0
14424,4824930,64.0
14426,4824990,30.0
14430,4825170,65.0
14431,4825200,36.0
14433,4825260,62.0
14442,4825590,60.0
14443,4825620,36.0
14444,4825660,29.0
14447,4825740,38.0
14458,4826130,43.0
14459,4826190,35.0
14468,4826470,58.0
14470,4826580,56.0
14473,4826670,26.0
14475,4826790,49.0
14480,4827030,59.0
14488,4827300,69.0
14499,4827720,36.0
14501,4827780,34.0
14503,4827870,13.0
14509,4828110,38.0
14514,4828290,67.0
14518,4828500,25.0
14520,4828550,49.0
14526,4828740,43.0
14530,4828890,35.0
14531,4828920,43.0
14533,4829010,22.0
14537,4829160,20.0
14547,4829670,34.0
14551,4829850,52.0
14557,4830060,47.0
14561,4830250,41.0
14565,4830390,37.0
14569,4830570,43.0
14570,4830600,43.0
14571,4830640,61.0
14581,4831040,46.0
14585,4831260,67.0
14595,4831760,51.0
14603,4832090,17.0
14609,4832280,52.0
14613,4832400,36.0
14625,4832940,45.0
14630,4833120,49.0
14631,4833180,47.0
14653,4834170,47.0
14657,4834320,39.0
14660,4834440,57.0
14671,4834830,38.0
14672,4834860,54.0
14677,4835070,48.0
14678,4835100,51.0
14685,4835400,30.0
14686,4835430,57.0
14702,4836000,78.0
14716,4836660,49.0
14723,4837020,42.0
14726,4837140,38.0
14727,4837150,63.0
14739,4837650,47.0
14741,4837740,42.0
14747,4838080,46.0
14751,4838220,39.0
14763,4838700,25.0
14764,4838730,23.0
14766,4838790,35.0
14769,4838900,41.0
14771,4838970,20.0
14779,4839270,22.0
14785,4839480,64.0
14791,4839690,24.0
14796,4839930,65.0
14798,4839990,26.0
14800,4840080,17.0
14817,4840680,30.0
14818,4840710,52.0
14823,4840920,36.0
14824,4840950,21.0
14826,4841070,23.0
14827,4841100,37.0
14830,4841220,24.0
14859,4842330,43.0
14864,4842480,22.0
14865,4842510,27.0
14878,4842960,70.0
14890,4843470,26.0
14893,4843650,64.0
14895,4843720,18.0
14898,4843800,55.0
14907,4844150,34.0
14908,4844160,53.0
14910,4844280,42.0
14914,4844430,50.0
14921,4844730,33.0
14922,4844800,45.0
14928,4844960,36.0
14942,4845540,26.0
14944,4845600,42.0
14949,4845780,34.0
14951,4845900,30.0
14967,4846530,70.0
14971,4846680,67.0
14994,4900030,50.0
15032,4900090,43.0
15034,4900120,55.0
15049,4900142,50.0
15095,4900210,46.0
15096,4900240,40.0
15100,4900360,29.0
15101,4900390,41.0
15102,4900420,41.0
15105,4900510,35.0
15108,4900600,36.0
15109,4900630,43.0
15112,4900720,21.0
15113,4900750,38.0
15115,4900810,38.0
15117,4900870,30.0
15119,4900930,44.0
15123,4901050,37.0
15124,4901080,34.0
15125,4901110,33.0
15126,4901140,44.0
15128,4901200,38.0
15131,5300003,29.0
15140,5300240,45.0
15142,5300300,36.0
15145,5300330,79.0
15156,5300380,43.0
15157,5300390,77.0
15158,5300420,57.0
15160,5300480,33.0
15169,5300810,64.0
15176,5301080,48.0
15177,5301110,46.0
15181,5301230,39.0
15186,5301410,31.0
15208,5302280,41.0
15209,5302310,30.0
15212,5302400,51.0
15219,5302670,45.0
15220,5302700,37.0
15222,5302820,29.0
15223,5302850,32.0
15226,5302940,28.0
15242,5303540,38.0
15247,5303750,79.0
15251,5303930,36.0
15252,5303960,43.0
15260,5304200,47.0
15261,5304230,75.0
15266,5304470,35.0
15277,5304860,33.0
15279,5304920,51.0
15281,5304980,86.0
15285,5305130,49.0
15288,5305220,33.0
15294,5305400,29.0
15295,5305430,53.0
15305,5305760,52.0
15308,5305850,38.0
15310,5305910,70.0
15311,5305940,41.0
15318,5306180,65.0
15319,5306220,32.0
15331,5306570,24.0
15335,5306690,50.0
15343,5306960,40.0
15345,5307020,15.0
15351,5307230,50.0
15353,5307320,45.0
15363,5307710,58.0
15369,5307900,27.0
15370,5307920,62.0
15373,5308020,57.0
15374,5308040,65.0
15378,5308160,33.0
15381,5308250,39.0
15384,5308340,46.0
15393,5308610,50.0
15394,5308670,22.0
15395,5308700,31.0
15397,5308760,60.0
15403,5308970,13.0
15407,5309100,47.0
15409,5309180,56.0
15411,5309270,35.0
15416,5309450,32.0
15423,5309660,32.0
15424,5309690,31.0
15425,5309720,46.0
15436,5310110,21.0
15437,5310140,32.0
15440,5400060,24.0
15444,5400180,22.0
15448,5400300,12.0
15451,5400390,24.0
15455,5400510,29.0
15458,5400570,37.0
15459,5400600,29.0
15462,5400690,15.0
15463,5400720,27.0
15464,5400750,20.0
15467,5400840,21.0
15470,5400930,42.0
15474,5401050,29.0
15479,5401200,38.0
15480,5401230,27.0
15489,5401500,16.0
15493,5401620,23.0
15533,5500390,37.0
15551,5501050,14.0
15569,5501770,64.0
15584,5502550,30.0
15602,5503210,46.0
15605,5503510,51.0
15614,5504050,39.0
15632,5504680,36.0
15637,5504830,50.0
15645,5505160,61.0
15658,5505820,24.0
15664,5506030,62.0
15667,5506120,39.0
15669,5506180,67.0
15678,5506630,48.0
15680,5506690,55.0
15687,5507020,29.0
15693,5507320,23.0
15697,5507470,41.0
15699,5507530,33.0
15703,5507650,36.0
15718,5508520,40.0
15720,5508610,30.0
15730,5508910,25.0
15735,5509060,57.0
15738,5509130,63.0
15745,5509510,55.0
15747,5509600,10.0
15760,5510060,58.0
15762,5510170,53.0
15764,5510320,43.0
15768,5510470,55.0
15779,5510830,38.0
15781,5510890,43.0
15790,5511190,37.0
15819,5512360,13.0
15839,5513170,40.0
15850,5513650,26.0
15869,5514490,33.0
15874,5514640,44.0
15875,5514670,34.0
15889,5515330,46.0
15900,5515750,33.0
15901,5515780,36.0
15905,5515900,31.0
15908,5515990,41.0
15911,5516260,22.0
15912,5516290,44.0
15930,5517070,33.0
15936,5600730,50.0
15943,5601470,37.0
15945,5601980,36.0
15951,5602760,44.0
15961,5604060,47.0
15968,5604510,39.0
15973,5605220,37.0
15974,5605302,36.0
15977,5605695,66.0
15979,5605762,40.0
15981,5605830,58.0
