,leaid,math_score,rla_score
0,100005,37.0,32.0
1,100006,43.0,40.0
2,100007,70.0,69.0
3,100008,75.0,71.0
4,100013,73.0,70.0
5,100190,58.0,57.0
6,100210,72.0,64.0
7,100240,53.0,56.0
8,100270,53.0,50.0
9,100390,18.0,23.0
10,100420,46.0,48.0
11,100540,40.0,40.0
12,100660,38.0,37.0
13,101020,47.0,46.0
14,101140,37.0,34.0
15,101170,35.0,37.0
16,101230,39.0,40.0
17,101290,53.0,47.0
18,101320,58.0,54.0
19,101380,44.0,43.0
20,101530,53.0,50.0
21,101620,35.0,33.0
22,101770,42.0,45.0
23,101800,47.0,50.0
24,101830,39.0,36.0
25,101920,31.0,36.0
26,102010,50.0,47.0
27,102040,38.0,35.0
28,102070,41.0,37.0
29,102100,39.0,44.0
30,102220,55.0,54.0
31,102370,37.0,32.0
32,102430,27.0,34.0
33,102480,45.0,45.0
34,102490,91.0,89.0
35,102580,47.0,44.0
36,102700,38.0,35.0
37,103030,61.0,58.0
38,103062,52.0,47.0
39,103180,34.0,34.0
40,103360,34.0,36.0
41,103390,45.0,41.0
42,103430,82.0,81.0
43,103450,33.0,43.0
44,200001,5.0,8.0
45,200180,25.0,35.0
46,200210,32.0,40.0
47,200390,24.0,40.0
48,200510,24.0,39.0
49,200600,23.0,30.0
50,400001,69.0,70.0
51,400103,12.0,8.0
52,400112,51.0,53.0
53,400197,40.0,36.0
54,400273,16.0,11.0
55,400295,35.0,37.0
56,400329,33.0,35.0
57,400345,43.0,42.0
58,400347,39.0,36.0
59,400348,38.0,39.0
60,400432,28.0,35.0
61,400450,57.0,51.0
62,400612,22.0,15.0
63,400615,53.0,44.0
64,400680,47.0,47.0
65,400752,41.0,40.0
66,400772,40.0,40.0
67,400794,41.0,39.0
68,400920,21.0,23.0
69,401410,41.0,29.0
70,401740,36.0,32.0
71,401870,65.0,63.0
72,402690,41.0,39.0
73,402860,38.0,42.0
74,402920,30.0,34.0
75,403400,66.0,63.0
76,403450,56.0,49.0
77,403780,64.0,59.0
78,404630,43.0,45.0
79,404970,48.0,43.0
80,405930,49.0,46.0
81,406250,60.0,45.0
82,406330,38.0,30.0
83,407570,62.0,57.0
84,407750,59.0,59.0
85,408170,18.0,18.0
86,408340,59.0,56.0
87,408520,28.0,30.0
88,408800,39.0,41.0
89,408850,65.0,60.0
90,409630,20.0,21.0
91,409731,57.0,51.0
92,500015,35.0,44.0
93,500017,24.0,35.0
94,500019,33.0,44.0
95,500026,6.0,17.0
96,500042,23.0,36.0
97,500043,37.0,54.0
98,500044,23.0,36.0
99,500049,38.0,42.0
100,500394,20.0,43.0
101,500398,30.0,48.0
102,500417,15.0,46.0
103,500419,15.0,25.0
104,502250,36.0,49.0
105,502880,40.0,48.0
106,502960,46.0,56.0
107,503030,28.0,43.0
108,503060,50.0,62.0
109,503640,34.0,53.0
110,503690,45.0,56.0
111,503750,43.0,54.0
112,504380,29.0,43.0
113,504590,40.0,48.0
114,504930,44.0,46.0
115,505680,23.0,37.0
116,506060,18.0,30.0
117,506090,37.0,50.0
118,506120,47.0,58.0
119,506270,10.0,18.0
120,506330,34.0,47.0
121,506900,61.0,70.0
122,506990,52.0,71.0
123,507380,38.0,51.0
124,507890,16.0,31.0
125,508040,15.0,28.0
126,508130,30.0,40.0
127,508280,27.0,38.0
128,508610,39.0,51.0
129,508670,44.0,55.0
130,509000,22.0,31.0
131,509390,22.0,31.0
132,510440,25.0,43.0
133,510680,20.0,32.0
134,511610,48.0,51.0
135,511850,22.0,36.0
136,511970,33.0,49.0
137,512060,36.0,53.0
138,512210,39.0,53.0
139,512450,39.0,46.0
140,512540,34.0,49.0
141,512660,33.0,40.0
142,513080,35.0,49.0
143,513110,26.0,36.0
144,513380,55.0,76.0
145,513410,36.0,51.0
146,513530,42.0,56.0
147,513930,10.0,21.0
148,514140,33.0,46.0
149,514430,29.0,44.0
150,600013,58.0,74.0
151,600014,21.0,39.0
152,600016,27.0,58.0
153,600017,18.0,46.0
154,600019,63.0,79.0
155,600020,68.0,81.0
156,600025,71.0,83.0
157,600027,19.0,44.0
158,600028,44.0,76.0
159,600029,35.0,62.0
160,600032,52.0,56.0
161,600034,26.0,55.0
162,600036,25.0,51.0
163,600047,28.0,54.0
164,600048,34.0,58.0
165,600062,30.0,49.0
166,600064,23.0,56.0
167,600065,15.0,54.0
168,600153,54.0,64.0
169,600158,27.0,62.0
170,601332,18.0,44.0
171,601414,40.0,59.0
172,601421,21.0,39.0
173,601620,49.0,73.0
174,601650,68.0,81.0
175,601770,52.0,68.0
176,602430,16.0,41.0
177,602630,24.0,52.0
178,602670,45.0,68.0
179,602700,29.0,54.0
180,602820,12.0,37.0
181,602850,17.0,44.0
182,602970,62.0,64.0
183,603030,35.0,57.0
184,603300,25.0,53.0
185,603600,24.0,54.0
186,603690,24.0,51.0
187,603840,10.0,34.0
188,604020,15.0,39.0
189,604290,23.0,54.0
190,604440,26.0,62.0
191,604620,41.0,57.0
192,604740,53.0,66.0
193,604830,57.0,80.0
194,605610,42.0,78.0
195,605820,28.0,56.0
196,605880,48.0,59.0
197,606450,38.0,65.0
198,606900,24.0,44.0
199,607230,43.0,69.0
200,607440,49.0,74.0
201,607500,52.0,66.0
202,607800,54.0,65.0
203,607900,28.0,52.0
204,607920,13.0,46.0
205,607970,13.0,49.0
206,608010,18.0,57.0
207,608130,25.0,54.0
208,608160,37.0,65.0
209,608190,26.0,45.0
210,608370,43.0,62.0
211,608460,36.0,57.0
212,608760,48.0,70.0
213,609030,48.0,76.0
214,609070,14.0,37.0
215,609390,19.0,50.0
216,609620,9.0,28.0
217,609640,47.0,62.0
218,609850,37.0,65.0
219,609940,35.0,55.0
220,610050,28.0,58.0
221,610260,36.0,73.0
222,610620,67.0,77.0
223,610860,36.0,64.0
224,611110,20.0,54.0
225,611460,27.0,57.0
226,611820,40.0,61.0
227,612070,53.0,68.0
228,612120,30.0,56.0
229,612180,25.0,52.0
230,612210,68.0,80.0
231,612330,34.0,56.0
232,612910,23.0,56.0
233,613360,22.0,49.0
234,613530,24.0,51.0
235,613890,48.0,68.0
236,613920,24.0,53.0
237,614400,66.0,78.0
238,614430,75.0,80.0
239,614550,15.0,42.0
240,614760,42.0,62.0
241,614820,29.0,47.0
242,614880,44.0,65.0
243,615180,32.0,57.0
244,615240,47.0,67.0
245,615270,51.0,73.0
246,616230,33.0,60.0
247,616325,28.0,55.0
248,616500,19.0,58.0
249,616740,23.0,46.0
250,616920,17.0,49.0
251,618060,50.0,71.0
252,618390,8.0,30.0
253,618930,37.0,61.0
254,619260,17.0,41.0
255,619490,21.0,59.0
256,619540,21.0,49.0
257,619650,13.0,47.0
258,619700,29.0,70.0
259,620130,82.0,86.0
260,621000,48.0,64.0
261,621400,19.0,51.0
262,621600,31.0,57.0
263,621690,30.0,62.0
264,622110,46.0,61.0
265,622230,31.0,48.0
266,622410,23.0,46.0
267,622500,27.0,49.0
268,622590,57.0,75.0
269,622710,23.0,51.0
270,622740,15.0,47.0
271,622800,74.0,84.0
272,623080,30.0,58.0
273,623160,10.0,37.0
274,623340,14.0,42.0
275,623610,18.0,47.0
276,624030,27.0,46.0
277,624090,16.0,43.0
278,624500,54.0,72.0
279,624660,19.0,45.0
280,625150,22.0,47.0
281,625320,31.0,63.0
282,625470,14.0,45.0
283,625530,31.0,56.0
284,625690,38.0,56.0
285,625800,17.0,41.0
286,625830,39.0,61.0
287,625860,16.0,35.0
288,626310,68.0,79.0
289,626370,35.0,53.0
290,626640,28.0,53.0
291,626880,36.0,62.0
292,626910,36.0,67.0
293,627060,20.0,49.0
294,627240,39.0,60.0
295,627590,13.0,43.0
296,627690,17.0,46.0
297,627720,41.0,68.0
298,627850,73.0,87.0
299,628050,17.0,35.0
300,628250,30.0,52.0
301,628650,31.0,60.0
302,629130,20.0,49.0
303,629270,24.0,43.0
304,629490,19.0,51.0
305,629550,20.0,47.0
306,629610,86.0,88.0
307,629700,62.0,73.0
308,629850,20.0,44.0
309,629940,24.0,49.0
310,630030,16.0,32.0
311,630210,17.0,49.0
312,630250,40.0,70.0
313,630600,15.0,36.0
314,630660,51.0,72.0
315,630750,45.0,74.0
316,631320,15.0,44.0
317,631530,58.0,72.0
318,631710,29.0,52.0
319,632010,26.0,42.0
320,632070,45.0,73.0
321,632370,23.0,46.0
322,632550,17.0,40.0
323,633150,27.0,50.0
324,633630,48.0,72.0
325,633750,31.0,60.0
326,633840,27.0,48.0
327,633860,44.0,71.0
328,633980,19.0,47.0
329,634140,32.0,54.0
330,634170,17.0,44.0
331,634320,37.0,61.0
332,634380,65.0,80.0
333,634410,50.0,61.0
334,634425,51.0,67.0
335,634440,12.0,40.0
336,634590,35.0,52.0
337,634620,28.0,50.0
338,634680,18.0,44.0
339,634710,24.0,51.0
340,634800,52.0,69.0
341,634880,35.0,62.0
342,634980,52.0,71.0
343,635110,37.0,54.0
344,635130,70.0,87.0
345,635250,37.0,67.0
346,635310,18.0,35.0
347,635430,35.0,56.0
348,635600,34.0,58.0
349,635670,19.0,44.0
350,635700,50.0,78.0
351,636270,19.0,57.0
352,636390,47.0,62.0
353,636600,36.0,56.0
354,636800,27.0,65.0
355,636840,35.0,64.0
356,636970,28.0,56.0
357,636972,14.0,40.0
358,637050,9.0,35.0
359,637200,33.0,49.0
360,637500,67.0,79.0
361,637530,31.0,54.0
362,638010,15.0,33.0
363,638640,29.0,59.0
364,638790,56.0,72.0
365,638980,59.0,70.0
366,639420,52.0,72.0
367,639630,35.0,65.0
368,639930,27.0,54.0
369,640150,46.0,70.0
370,640300,21.0,51.0
371,640590,34.0,59.0
372,640740,12.0,32.0
373,640980,29.0,52.0
374,641160,20.0,56.0
375,641190,34.0,62.0
376,641280,70.0,77.0
377,641430,26.0,53.0
378,641580,21.0,44.0
379,642000,32.0,57.0
380,642140,32.0,65.0
381,642480,29.0,57.0
382,642510,48.0,78.0
383,643080,21.0,53.0
384,643470,25.0,59.0
385,643560,28.0,58.0
386,684500,68.0,73.0
387,691012,4.0,20.0
388,691024,5.0,16.0
389,691078,19.0,33.0
390,691135,21.0,46.0
391,800020,42.0,52.0
392,801920,55.0,61.0
393,801950,11.0,13.0
394,802340,20.0,20.0
395,802490,61.0,67.0
396,802580,29.0,26.0
397,802910,54.0,56.0
398,802940,70.0,73.0
399,803060,29.0,36.0
400,803330,31.0,40.0
401,803360,33.0,34.0
402,803450,55.0,58.0
403,803540,35.0,38.0
404,803870,20.0,29.0
405,803990,55.0,59.0
406,804080,30.0,36.0
407,804260,40.0,36.0
408,804350,28.0,35.0
409,804410,22.0,26.0
410,804530,26.0,30.0
411,804800,48.0,52.0
412,805310,60.0,64.0
413,805370,42.0,50.0
414,805400,38.0,46.0
415,805550,20.0,25.0
416,805790,28.0,31.0
417,805820,61.0,64.0
418,806120,20.0,27.0
419,806150,31.0,41.0
420,806480,29.0,30.0
421,806900,38.0,39.0
422,807230,8.0,12.0
423,807350,46.0,47.0
424,900002,13.0,36.0
425,900450,13.0,33.0
426,900510,33.0,55.0
427,900700,27.0,50.0
428,900750,58.0,81.0
429,901020,22.0,52.0
430,901260,17.0,46.0
431,901470,28.0,66.0
432,901530,59.0,81.0
433,901620,68.0,81.0
434,901710,68.0,86.0
435,901860,28.0,57.0
436,901920,17.0,36.0
437,902310,29.0,51.0
438,902400,13.0,42.0
439,902520,46.0,70.0
440,902670,12.0,31.0
441,902700,78.0,89.0
442,902790,17.0,38.0
443,902880,47.0,75.0
444,902910,61.0,82.0
445,903090,30.0,54.0
446,903660,65.0,84.0
447,903810,77.0,88.0
448,904050,49.0,72.0
449,904110,77.0,89.0
450,904170,52.0,73.0
451,904230,48.0,73.0
452,904320,36.0,56.0
453,904440,28.0,51.0
454,904620,66.0,80.0
455,904740,39.0,65.0
456,904830,10.0,29.0
457,904920,59.0,77.0
458,904950,18.0,44.0
459,905040,79.0,91.0
460,905130,74.0,89.0
461,905371,35.0,55.0
462,1000080,38.0,63.0
463,1000170,36.0,60.0
464,1000180,37.0,56.0
465,1000190,15.0,36.0
466,1000200,18.0,34.0
467,1000230,13.0,30.0
468,1000680,22.0,42.0
469,1001240,34.0,55.0
470,1001280,15.0,39.0
471,1001300,27.0,50.0
472,1001620,34.0,50.0
473,1100030,15.0,31.0
474,1200002,61.0,75.0
475,1200030,51.0,59.0
476,1200060,73.0,53.0
477,1200090,57.0,53.0
478,1200150,51.0,60.0
479,1200180,46.0,54.0
480,1200240,60.0,53.0
481,1200270,53.0,51.0
482,1200300,55.0,57.0
483,1200330,59.0,57.0
484,1200360,40.0,46.0
485,1200390,45.0,53.0
486,1200420,34.0,27.0
487,1200480,51.0,49.0
488,1200510,44.0,48.0
489,1200540,56.0,56.0
490,1200600,20.0,29.0
491,1200750,45.0,40.0
492,1200780,29.0,40.0
493,1200810,47.0,50.0
494,1200840,45.0,43.0
495,1200870,48.0,52.0
496,1200900,36.0,50.0
497,1200930,47.0,51.0
498,1200960,54.0,52.0
499,1201050,49.0,48.0
500,1201080,48.0,51.0
501,1201110,55.0,58.0
502,1201140,41.0,41.0
503,1201230,52.0,52.0
504,1201260,46.0,46.0
505,1201290,56.0,60.0
506,1201320,68.0,56.0
507,1201350,63.0,65.0
508,1201380,67.0,63.0
509,1201410,39.0,47.0
510,1201440,47.0,50.0
511,1201470,35.0,48.0
512,1201500,51.0,55.0
513,1201530,56.0,55.0
514,1201560,45.0,53.0
515,1201590,41.0,43.0
516,1201620,35.0,39.0
517,1201650,59.0,63.0
518,1201680,67.0,65.0
519,1201710,52.0,60.0
520,1201740,72.0,75.0
521,1201770,43.0,53.0
522,1201800,48.0,61.0
523,1201830,39.0,44.0
524,1201920,47.0,49.0
525,1201950,56.0,56.0
526,1201980,71.0,57.0
527,1202010,39.0,49.0
528,1300001,33.0,34.0
529,1300120,20.0,34.0
530,1300227,30.0,56.0
531,1300232,16.0,42.0
532,1300290,32.0,38.0
533,1300330,32.0,44.0
534,1300420,18.0,31.0
535,1300570,37.0,52.0
536,1300600,83.0,70.0
537,1300630,42.0,45.0
538,1300780,59.0,54.0
539,1300840,37.0,50.0
540,1300870,50.0,45.0
541,1300930,49.0,47.0
542,1301020,22.0,36.0
543,1301110,50.0,64.0
544,1301170,24.0,31.0
545,1301230,18.0,29.0
546,1301290,52.0,59.0
547,1301350,30.0,38.0
548,1301380,33.0,38.0
549,1301410,58.0,59.0
550,1301500,48.0,52.0
551,1301620,26.0,35.0
552,1301680,64.0,73.0
553,1301710,35.0,24.0
554,1301740,30.0,35.0
555,1301830,17.0,27.0
556,1301860,31.0,42.0
557,1301890,45.0,41.0
558,1301980,43.0,53.0
559,1302130,64.0,72.0
560,1302190,37.0,47.0
561,1302220,69.0,76.0
562,1302280,47.0,56.0
563,1302310,32.0,30.0
564,1302400,40.0,55.0
565,1302430,49.0,37.0
566,1302520,16.0,25.0
567,1302550,46.0,56.0
568,1302580,49.0,50.0
569,1302610,42.0,45.0
570,1302700,50.0,55.0
571,1302820,24.0,43.0
572,1302880,45.0,44.0
573,1302940,56.0,53.0
574,1303150,29.0,45.0
575,1303270,46.0,53.0
576,1303300,25.0,42.0
577,1303390,54.0,51.0
578,1303480,42.0,56.0
579,1303510,31.0,47.0
580,1303840,30.0,38.0
581,1303870,28.0,40.0
582,1303930,21.0,43.0
583,1303960,70.0,75.0
584,1304020,31.0,45.0
585,1304110,36.0,47.0
586,1304170,29.0,44.0
587,1304200,29.0,41.0
588,1304380,14.0,25.0
589,1304410,24.0,34.0
590,1304440,39.0,46.0
591,1304890,26.0,35.0
592,1304980,38.0,40.0
593,1305280,24.0,49.0
594,1305310,29.0,32.0
595,1305370,30.0,39.0
596,1305390,44.0,47.0
597,1305430,47.0,46.0
598,1305550,28.0,34.0
599,1305700,36.0,42.0
600,1500030,32.0,60.0
601,1600360,45.0,62.0
602,1600510,17.0,40.0
603,1600600,28.0,58.0
604,1600660,21.0,48.0
605,1600780,28.0,64.0
606,1600930,25.0,53.0
607,1601530,37.0,56.0
608,1601570,32.0,55.0
609,1601770,26.0,53.0
610,1601800,37.0,66.0
611,1601860,29.0,58.0
612,1602100,46.0,68.0
613,1602130,34.0,60.0
614,1602340,24.0,56.0
615,1602640,39.0,66.0
616,1602670,34.0,70.0
617,1603240,32.0,61.0
618,1703600,25.0,31.0
619,1703870,45.0,51.0
620,1704020,29.0,24.0
621,1704170,53.0,54.0
622,1704680,13.0,13.0
623,1704710,21.0,26.0
624,1704920,42.0,46.0
625,1705050,64.0,67.0
626,1705220,59.0,55.0
627,1705640,27.0,32.0
628,1705790,26.0,32.0
629,1706420,11.0,18.0
630,1706480,30.0,35.0
631,1706540,20.0,24.0
632,1706960,24.0,33.0
633,1707050,20.0,22.0
634,1708400,45.0,45.0
635,1708550,33.0,37.0
636,1709420,39.0,40.0
637,1709930,25.0,25.0
638,1710650,24.0,27.0
639,1711250,13.0,26.0
640,1711370,53.0,53.0
641,1711790,10.0,17.0
642,1712000,22.0,32.0
643,1712570,56.0,51.0
644,1712700,70.0,66.0
645,1713320,2.0,4.0
646,1713530,43.0,51.0
647,1713710,28.0,29.0
648,1713940,32.0,33.0
649,1713970,64.0,64.0
650,1714490,51.0,56.0
651,1715030,29.0,32.0
652,1716380,61.0,61.0
653,1716830,43.0,46.0
654,1717280,12.0,21.0
655,1717340,35.0,36.0
656,1717550,47.0,54.0
657,1718240,18.0,30.0
658,1719080,67.0,73.0
659,1719320,63.0,67.0
660,1719560,29.0,39.0
661,1719620,54.0,61.0
662,1719830,52.0,52.0
663,1720610,20.0,24.0
664,1721780,70.0,75.0
665,1721840,48.0,48.0
666,1721900,59.0,60.0
667,1722110,23.0,38.0
668,1722500,55.0,59.0
669,1722740,26.0,26.0
670,1722830,73.0,74.0
671,1723070,59.0,57.0
672,1723350,45.0,49.0
673,1723880,58.0,59.0
674,1724090,49.0,47.0
675,1724480,39.0,46.0
676,1725320,30.0,35.0
677,1726340,30.0,43.0
678,1726400,27.0,30.0
679,1726880,8.0,15.0
680,1727570,34.0,39.0
681,1727710,69.0,67.0
682,1728200,76.0,80.0
683,1728530,44.0,47.0
684,1728620,42.0,44.0
685,1729010,69.0,70.0
686,1729220,24.0,24.0
687,1729280,54.0,62.0
688,1729790,49.0,50.0
689,1730270,41.0,44.0
690,1730330,28.0,34.0
691,1730450,54.0,49.0
692,1731110,30.0,30.0
693,1731230,15.0,21.0
694,1731740,37.0,39.0
695,1732580,80.0,78.0
696,1732910,20.0,23.0
697,1733000,23.0,30.0
698,1733270,25.0,26.0
699,1733420,9.0,14.0
700,1734020,48.0,51.0
701,1734410,15.0,17.0
702,1734510,17.0,22.0
703,1734990,17.0,20.0
704,1737080,24.0,28.0
705,1737170,62.0,59.0
706,1738460,43.0,47.0
707,1738940,13.0,15.0
708,1738970,6.0,8.0
709,1739870,17.0,20.0
710,1740070,29.0,30.0
711,1740440,27.0,27.0
712,1740800,37.0,48.0
713,1741190,36.0,41.0
714,1741250,10.0,12.0
715,1741690,66.0,64.0
716,1742180,51.0,56.0
717,1743330,35.0,40.0
718,1743890,18.0,23.0
719,1743960,34.0,41.0
720,1800030,54.0,80.0
721,1800098,16.0,53.0
722,1800150,20.0,30.0
723,1800270,48.0,77.0
724,1800360,42.0,63.0
725,1800630,48.0,76.0
726,1800840,36.0,50.0
727,1801020,65.0,78.0
728,1801200,73.0,86.0
729,1801440,64.0,73.0
730,1801890,32.0,63.0
731,1802400,18.0,56.0
732,1802490,45.0,75.0
733,1802640,23.0,48.0
734,1802800,50.0,68.0
735,1802830,63.0,83.0
736,1802850,31.0,60.0
737,1803270,23.0,47.0
738,1803450,30.0,53.0
739,1803630,24.0,49.0
740,1803690,36.0,59.0
741,1803750,51.0,68.0
742,1803930,36.0,54.0
743,1803940,29.0,57.0
744,1804050,28.0,58.0
745,1804320,12.0,37.0
746,1804590,38.0,76.0
747,1804710,33.0,65.0
748,1804770,7.0,24.0
749,1805190,29.0,63.0
750,1805370,15.0,35.0
751,1805400,25.0,47.0
752,1805450,37.0,66.0
753,1805580,40.0,58.0
754,1805670,25.0,46.0
755,1806510,40.0,55.0
756,1806570,17.0,40.0
757,1806600,42.0,58.0
758,1806840,27.0,46.0
759,1807140,28.0,60.0
760,1807260,49.0,64.0
761,1807320,21.0,38.0
762,1807350,60.0,87.0
763,1807410,42.0,65.0
764,1807650,47.0,79.0
765,1807860,35.0,54.0
766,1808250,56.0,82.0
767,1808760,58.0,76.0
768,1808820,31.0,49.0
769,1808910,31.0,51.0
770,1808970,52.0,78.0
771,1809150,32.0,54.0
772,1809370,24.0,62.0
773,1809690,19.0,50.0
774,1810080,23.0,53.0
775,1810290,22.0,41.0
776,1810440,35.0,63.0
777,1810650,60.0,77.0
778,1811190,51.0,71.0
779,1811340,39.0,59.0
780,1811970,55.0,78.0
781,1812090,33.0,61.0
782,1812360,20.0,40.0
783,1812390,48.0,70.0
784,1812420,37.0,59.0
785,1812720,30.0,56.0
786,1812810,16.0,36.0
787,1813080,54.0,77.0
788,1903540,91.0,89.0
789,1903690,92.0,89.0
790,1904860,91.0,86.0
791,1906510,87.0,88.0
792,1906540,75.0,70.0
793,1907860,78.0,77.0
794,1908220,65.0,61.0
795,1908580,67.0,67.0
796,1908970,55.0,53.0
797,1909480,81.0,75.0
798,1914700,81.0,76.0
799,1915450,90.0,87.0
800,1917220,84.0,78.0
801,1918720,71.0,66.0
802,1920130,77.0,74.0
803,1923110,95.0,91.0
804,1926400,71.0,72.0
805,1926820,81.0,78.0
806,1928680,81.0,82.0
807,1930480,73.0,71.0
808,1930510,87.0,87.0
809,1930930,80.0,80.0
810,2003200,32.0,39.0
811,2003360,36.0,39.0
812,2005460,23.0,30.0
813,2005490,41.0,48.0
814,2005580,11.0,12.0
815,2005940,15.0,17.0
816,2006390,10.0,17.0
817,2006420,25.0,35.0
818,2006540,27.0,39.0
819,2007050,16.0,28.0
820,2007620,19.0,20.0
821,2007890,18.0,28.0
822,2007950,9.0,11.0
823,2008400,31.0,43.0
824,2008430,20.0,27.0
825,2008730,10.0,12.0
826,2009140,45.0,38.0
827,2009180,37.0,40.0
828,2010140,38.0,41.0
829,2011370,17.0,29.0
830,2011640,34.0,41.0
831,2012000,47.0,46.0
832,2012260,15.0,20.0
833,2012990,12.0,20.0
834,2100081,27.0,46.0
835,2100300,44.0,51.0
836,2100510,55.0,57.0
837,2100570,42.0,53.0
838,2100750,36.0,44.0
839,2100900,54.0,57.0
840,2101020,32.0,43.0
841,2101150,23.0,38.0
842,2101200,36.0,47.0
843,2101470,39.0,46.0
844,2101860,45.0,51.0
845,2101950,27.0,38.0
846,2102010,34.0,42.0
847,2102280,49.0,51.0
848,2102490,44.0,47.0
849,2102710,43.0,48.0
850,2102860,40.0,48.0
851,2102990,33.0,40.0
852,2103030,37.0,45.0
853,2103090,52.0,53.0
854,2103210,38.0,46.0
855,2103720,43.0,55.0
856,2103810,43.0,51.0
857,2103960,46.0,57.0
858,2104050,40.0,50.0
859,2104250,40.0,54.0
860,2104410,42.0,47.0
861,2104530,61.0,64.0
862,2104800,33.0,45.0
863,2104950,49.0,55.0
864,2105260,48.0,57.0
865,2105320,34.0,43.0
866,2105730,38.0,48.0
867,2106000,50.0,49.0
868,2200030,64.0,70.0
869,2200039,88.0,82.0
870,2200090,85.0,85.0
871,2200150,63.0,51.0
872,2200180,66.0,70.0
873,2200270,77.0,78.0
874,2200300,57.0,66.0
875,2200330,73.0,75.0
876,2200510,74.0,79.0
877,2200540,54.0,61.0
878,2200630,74.0,78.0
879,2200720,79.0,74.0
880,2200810,77.0,72.0
881,2200840,68.0,65.0
882,2200870,73.0,71.0
883,2200900,80.0,88.0
884,2200990,83.0,74.0
885,2201020,83.0,84.0
886,2201080,57.0,66.0
887,2201140,66.0,69.0
888,2201170,59.0,57.0
889,2201200,70.0,73.0
890,2201290,66.0,76.0
891,2201410,73.0,73.0
892,2201440,79.0,74.0
893,2201530,62.0,55.0
894,2201560,64.0,71.0
895,2201590,64.0,71.0
896,2201620,76.0,72.0
897,2201650,80.0,83.0
898,2201680,57.0,66.0
899,2201740,77.0,75.0
900,2201800,82.0,88.0
901,2201830,81.0,84.0
902,2201860,70.0,77.0
903,2201890,65.0,54.0
904,2309930,37.0,59.0
905,2500554,83.0,97.0
906,2501950,89.0,98.0
907,2501980,89.0,94.0
908,2502190,75.0,88.0
909,2502310,73.0,91.0
910,2502490,93.0,98.0
911,2502670,88.0,94.0
912,2502790,66.0,82.0
913,2502940,90.0,96.0
914,2503030,85.0,94.0
915,2503080,78.0,95.0
916,2503090,53.0,79.0
917,2503150,93.0,98.0
918,2503270,80.0,92.0
919,2503510,91.0,97.0
920,2503540,35.0,65.0
921,2503660,73.0,87.0
922,2504770,58.0,81.0
923,2504830,51.0,76.0
924,2504980,79.0,87.0
925,2505010,88.0,98.0
926,2505470,67.0,88.0
927,2505480,69.0,91.0
928,2505485,86.0,96.0
929,2505970,73.0,87.0
930,2506090,91.0,98.0
931,2506270,49.0,82.0
932,2506510,88.0,97.0
933,2506660,53.0,74.0
934,2506780,73.0,88.0
935,2506840,97.0,98.0
936,2506930,94.0,98.0
937,2507020,66.0,82.0
938,2507110,55.0,74.0
939,2507170,73.0,80.0
940,2507230,92.0,96.0
941,2507350,88.0,98.0
942,2507560,72.0,90.0
943,2507740,71.0,88.0
944,2508050,85.0,95.0
945,2508340,91.0,97.0
946,2508370,93.0,98.0
947,2508430,44.0,60.0
948,2508440,86.0,97.0
949,2508610,93.0,97.0
950,2508700,88.0,94.0
951,2508910,90.0,97.0
952,2508960,73.0,94.0
953,2509360,70.0,85.0
954,2509630,69.0,86.0
955,2509720,69.0,91.0
956,2509870,82.0,91.0
957,2509990,88.0,96.0
958,2510050,67.0,83.0
959,2510615,82.0,96.0
960,2510770,89.0,97.0
961,2510830,88.0,93.0
962,2510890,68.0,84.0
963,2511020,77.0,95.0
964,2511130,47.0,74.0
965,2511490,85.0,94.0
966,2511520,60.0,84.0
967,2511880,92.0,97.0
968,2512000,64.0,74.0
969,2512270,96.0,98.0
970,2512630,69.0,88.0
971,2512660,96.0,98.0
972,2512840,72.0,90.0
973,2512950,83.0,96.0
974,2513200,78.0,90.0
975,2513230,59.0,81.0
976,2700117,19.0,58.0
977,2703180,46.0,63.0
978,2703450,34.0,45.0
979,2704440,47.0,55.0
980,2705790,52.0,60.0
981,2706090,50.0,57.0
982,2707200,50.0,59.0
983,2707290,39.0,54.0
984,2707410,43.0,64.0
985,2708100,59.0,62.0
986,2708190,60.0,62.0
987,2711040,46.0,57.0
988,2711250,64.0,73.0
989,2711370,57.0,67.0
990,2711670,70.0,78.0
991,2711820,36.0,38.0
992,2712270,54.0,63.0
993,2713530,58.0,71.0
994,2714220,62.0,70.0
995,2714260,55.0,56.0
996,2717780,58.0,72.0
997,2718780,45.0,59.0
998,2721240,26.0,35.0
999,2721420,53.0,59.0
1000,2722950,59.0,63.0
1001,2723430,57.0,65.0
1002,2723850,49.0,62.0
1003,2723880,57.0,67.0
1004,2725200,42.0,59.0
1005,2728050,46.0,59.0
1006,2730060,61.0,63.0
1007,2731780,27.0,49.0
1008,2731800,46.0,55.0
1009,2732390,64.0,73.0
1010,2732430,43.0,53.0
1011,2732880,56.0,68.0
1012,2733000,45.0,54.0
1013,2733330,49.0,58.0
1014,2733510,35.0,41.0
1015,2733540,50.0,65.0
1016,2733790,62.0,62.0
1017,2733810,63.0,75.0
1018,2733840,27.0,40.0
1019,2738190,58.0,72.0
1020,2741460,60.0,62.0
1021,2742160,77.0,71.0
1022,2742270,46.0,60.0
1023,2742360,56.0,55.0
1024,2742720,39.0,43.0
1025,2800187,14.0,12.0
1026,2800189,19.0,33.0
1027,2800630,69.0,55.0
1028,2801090,48.0,58.0
1029,2801320,64.0,50.0
1030,2801560,43.0,45.0
1031,2801620,2.0,20.0
1032,2801710,49.0,45.0
1033,2801740,49.0,52.0
1034,2801770,52.0,54.0
1035,2801800,15.0,20.0
1036,2801860,28.0,32.0
1037,2802160,50.0,53.0
1038,2802190,4.0,17.0
1039,2802280,32.0,40.0
1040,2802400,59.0,57.0
1041,2802430,47.0,43.0
1042,2802550,36.0,38.0
1043,2802730,29.0,48.0
1044,2802790,35.0,58.0
1045,2802910,10.0,19.0
1046,2803030,15.0,20.0
1047,2803360,65.0,67.0
1048,2803450,35.0,65.0
1049,2803480,42.0,46.0
1050,2803530,71.0,61.0
1051,2803830,43.0,52.0
1052,2804320,26.0,42.0
1053,2804470,17.0,18.0
1054,2901000,31.0,57.0
1055,2904620,34.0,63.0
1056,2905310,57.0,65.0
1057,2905760,46.0,61.0
1058,2906990,27.0,67.0
1059,2907460,36.0,49.0
1060,2908370,62.0,64.0
1061,2912010,12.0,38.0
1062,2912290,32.0,54.0
1063,2912300,44.0,69.0
1064,2913080,35.0,71.0
1065,2913830,30.0,45.0
1066,2915480,39.0,52.0
1067,2915600,70.0,60.0
1068,2916190,55.0,53.0
1069,2916350,39.0,48.0
1070,2916400,17.0,33.0
1071,2916450,40.0,63.0
1072,2916770,73.0,81.0
1073,2918270,25.0,39.0
1074,2918300,56.0,69.0
1075,2918540,43.0,69.0
1076,2920670,48.0,60.0
1077,2922530,74.0,75.0
1078,2922800,43.0,50.0
1079,2922890,38.0,60.0
1080,2923430,55.0,68.0
1081,2923550,73.0,70.0
1082,2923580,56.0,69.0
1083,2923700,42.0,58.0
1084,2923730,30.0,61.0
1085,2925450,23.0,54.0
1086,2926070,19.0,47.0
1087,2926220,54.0,59.0
1088,2926640,21.0,48.0
1089,2926850,67.0,75.0
1090,2927060,39.0,47.0
1091,2927830,42.0,59.0
1092,2928860,27.0,57.0
1093,2928920,39.0,65.0
1094,2928950,65.0,75.0
1095,2929280,20.0,34.0
1096,2930450,45.0,66.0
1097,2931110,30.0,65.0
1098,2931440,38.0,53.0
1099,2931500,51.0,67.0
1100,2931650,56.0,69.0
1101,2932010,46.0,63.0
1102,3003900,34.0,40.0
1103,3004590,52.0,68.0
1104,3013050,32.0,45.0
1105,3013830,39.0,55.0
1106,3015420,32.0,54.0
1107,3018540,39.0,53.0
1108,3100016,35.0,31.0
1109,3100022,37.0,30.0
1110,3103810,52.0,45.0
1111,3170110,85.0,85.0
1112,3170710,51.0,42.0
1113,3172390,58.0,49.0
1114,3172840,51.0,51.0
1115,3173740,65.0,70.0
1116,3174430,52.0,44.0
1117,3174820,23.0,30.0
1118,3175270,61.0,60.0
1119,3178660,61.0,65.0
1120,3200001,22.0,42.0
1121,3200060,24.0,43.0
1122,3200090,44.0,59.0
1123,3200120,25.0,40.0
1124,3200300,28.0,42.0
1125,3200360,21.0,31.0
1126,3200390,27.0,44.0
1127,3200480,32.0,46.0
1128,3300017,55.0,77.0
1129,3301740,63.0,82.0
1130,3302460,40.0,62.0
1131,3302640,35.0,61.0
1132,3304050,39.0,65.0
1133,3304410,48.0,71.0
1134,3304590,26.0,49.0
1135,3304980,31.0,60.0
1136,3305940,30.0,55.0
1137,3307360,41.0,68.0
1138,3400009,38.0,58.0
1139,3400022,5.0,30.0
1140,3400024,49.0,62.0
1141,3400070,20.0,52.0
1142,3400073,7.0,23.0
1143,3400078,7.0,31.0
1144,3400753,6.0,30.0
1145,3400785,11.0,31.0
1146,3400960,11.0,24.0
1147,3400990,25.0,49.0
1148,3401050,20.0,41.0
1149,3401260,23.0,59.0
1150,3401350,13.0,41.0
1151,3401470,74.0,82.0
1152,3401500,29.0,61.0
1153,3401530,41.0,47.0
1154,3401650,70.0,79.0
1155,3401770,22.0,37.0
1156,3401830,22.0,43.0
1157,3401950,30.0,52.0
1158,3402030,29.0,44.0
1159,3402100,9.0,32.0
1160,3402220,29.0,49.0
1161,3402250,8.0,26.0
1162,3402280,52.0,70.0
1163,3402400,15.0,31.0
1164,3402430,13.0,36.0
1165,3402460,30.0,46.0
1166,3402490,20.0,38.0
1167,3402520,27.0,46.0
1168,3402580,36.0,67.0
1169,3402640,2.0,13.0
1170,3402670,21.0,44.0
1171,3402730,19.0,29.0
1172,3402820,17.0,49.0
1173,3402850,20.0,52.0
1174,3402880,8.0,35.0
1175,3402910,29.0,27.0
1176,3403000,33.0,59.0
1177,3403120,38.0,59.0
1178,3403150,14.0,34.0
1179,3403210,45.0,58.0
1180,3403270,23.0,42.0
1181,3403300,18.0,42.0
1182,3403420,25.0,49.0
1183,3403570,37.0,69.0
1184,3403610,57.0,86.0
1185,3403620,12.0,30.0
1186,3403750,32.0,44.0
1187,3403780,24.0,34.0
1188,3403900,17.0,31.0
1189,3403930,20.0,42.0
1190,3403990,48.0,60.0
1191,3404110,45.0,71.0
1192,3404230,9.0,35.0
1193,3404320,28.0,53.0
1194,3404380,35.0,50.0
1195,3404500,49.0,68.0
1196,3404560,29.0,49.0
1197,3404590,12.0,42.0
1198,3404660,16.0,49.0
1199,3404740,14.0,52.0
1200,3404800,26.0,60.0
1201,3404920,18.0,35.0
1202,3404980,53.0,70.0
1203,3405310,36.0,77.0
1204,3405490,23.0,47.0
1205,3405610,32.0,46.0
1206,3405760,18.0,40.0
1207,3405970,45.0,76.0
1208,3406000,18.0,53.0
1209,3406040,49.0,60.0
1210,3406060,21.0,39.0
1211,3406270,20.0,51.0
1212,3406300,35.0,50.0
1213,3406330,21.0,29.0
1214,3406360,33.0,47.0
1215,3406390,60.0,74.0
1216,3406540,17.0,35.0
1217,3406570,31.0,65.0
1218,3406660,44.0,66.0
1219,3406870,11.0,43.0
1220,3406930,41.0,50.0
1221,3406990,20.0,42.0
1222,3407140,29.0,37.0
1223,3407230,52.0,63.0
1224,3407290,7.0,40.0
1225,3407410,57.0,66.0
1226,3407530,47.0,60.0
1227,3407570,40.0,77.0
1228,3407590,45.0,73.0
1229,3407680,3.0,23.0
1230,3407740,25.0,41.0
1231,3407800,20.0,60.0
1232,3407830,20.0,44.0
1233,3407890,12.0,43.0
1234,3407920,7.0,37.0
1235,3407980,37.0,55.0
1236,3408040,60.0,85.0
1237,3408060,35.0,54.0
1238,3408100,23.0,41.0
1239,3408190,37.0,63.0
1240,3408220,6.0,23.0
1241,3408400,28.0,61.0
1242,3408490,31.0,47.0
1243,3408500,32.0,54.0
1244,3408520,39.0,71.0
1245,3408610,5.0,44.0
1246,3408640,6.0,27.0
1247,3408820,56.0,78.0
1248,3408850,31.0,56.0
1249,3408940,18.0,30.0
1250,3409090,27.0,33.0
1251,3409210,18.0,50.0
1252,3409240,63.0,76.0
1253,3409270,27.0,38.0
1254,3409330,56.0,66.0
1255,3409360,34.0,55.0
1256,3409420,42.0,70.0
1257,3409450,21.0,34.0
1258,3409550,29.0,52.0
1259,3409660,20.0,41.0
1260,3409750,39.0,63.0
1261,3409990,49.0,66.0
1262,3410020,17.0,29.0
1263,3410050,37.0,56.0
1264,3410080,24.0,48.0
1265,3410110,28.0,43.0
1266,3410200,73.0,81.0
1267,3410320,6.0,21.0
1268,3410440,30.0,42.0
1269,3410470,20.0,30.0
1270,3410500,46.0,61.0
1271,3410560,39.0,58.0
1272,3410590,68.0,73.0
1273,3410650,46.0,59.0
1274,3410710,48.0,61.0
1275,3410720,73.0,88.0
1276,3410740,41.0,60.0
1277,3410810,28.0,41.0
1278,3410980,46.0,85.0
1279,3411010,50.0,80.0
1280,3411160,11.0,27.0
1281,3411220,10.0,33.0
1282,3411280,34.0,58.0
1283,3411310,64.0,74.0
1284,3411340,15.0,34.0
1285,3411400,26.0,42.0
1286,3411430,18.0,48.0
1287,3411460,7.0,35.0
1288,3411490,23.0,45.0
1289,3411610,57.0,63.0
1290,3411640,12.0,40.0
1291,3411700,29.0,48.0
1292,3411730,64.0,65.0
1293,3411760,61.0,75.0
1294,3411880,31.0,54.0
1295,3411970,30.0,57.0
1296,3412060,34.0,42.0
1297,3412260,61.0,64.0
1298,3412270,13.0,28.0
1299,3412360,20.0,32.0
1300,3412420,45.0,63.0
1301,3412480,46.0,62.0
1302,3412510,51.0,66.0
1303,3412540,7.0,17.0
1304,3412570,22.0,41.0
1305,3412600,9.0,51.0
1306,3412630,40.0,58.0
1307,3412690,3.0,17.0
1308,3412810,8.0,35.0
1309,3412840,7.0,30.0
1310,3412870,13.0,29.0
1311,3412900,51.0,67.0
1312,3412930,15.0,30.0
1313,3412960,24.0,53.0
1314,3412990,4.0,31.0
1315,3413000,23.0,51.0
1316,3413050,31.0,45.0
1317,3413110,23.0,34.0
1318,3413140,4.0,15.0
1319,3413200,4.0,13.0
1320,3413290,39.0,64.0
1321,3413350,40.0,65.0
1322,3413410,48.0,76.0
1323,3413530,9.0,25.0
1324,3413560,52.0,72.0
1325,3413590,53.0,75.0
1326,3413620,41.0,51.0
1327,3413650,44.0,66.0
1328,3413680,14.0,39.0
1329,3413750,39.0,56.0
1330,3413770,33.0,62.0
1331,3413800,17.0,51.0
1332,3413830,67.0,81.0
1333,3414280,6.0,39.0
1334,3414310,16.0,46.0
1335,3414340,34.0,43.0
1336,3414400,44.0,60.0
1337,3414460,31.0,66.0
1338,3414490,25.0,52.0
1339,3414580,24.0,39.0
1340,3414640,20.0,46.0
1341,3414670,53.0,69.0
1342,3414850,31.0,51.0
1343,3414940,20.0,55.0
1344,3415090,29.0,52.0
1345,3415210,40.0,56.0
1346,3415330,43.0,58.0
1347,3415360,37.0,51.0
1348,3415390,17.0,50.0
1349,3415450,21.0,38.0
1350,3415480,31.0,35.0
1351,3415510,43.0,54.0
1352,3415540,32.0,58.0
1353,3415900,70.0,75.0
1354,3415930,20.0,34.0
1355,3416080,27.0,57.0
1356,3416110,65.0,73.0
1357,3416230,21.0,50.0
1358,3416290,4.0,18.0
1359,3416380,17.0,48.0
1360,3416470,22.0,45.0
1361,3416500,25.0,44.0
1362,3416560,48.0,62.0
1363,3416710,27.0,57.0
1364,3416740,47.0,73.0
1365,3416800,9.0,19.0
1366,3416870,18.0,40.0
1367,3416890,38.0,49.0
1368,3416970,28.0,53.0
1369,3417070,22.0,36.0
1370,3417100,40.0,70.0
1371,3417220,27.0,57.0
1372,3417280,44.0,64.0
1373,3417430,25.0,42.0
1374,3417460,43.0,52.0
1375,3417500,89.0,92.0
1376,3417520,18.0,40.0
1377,3417550,57.0,78.0
1378,3417580,13.0,35.0
1379,3417610,26.0,48.0
1380,3417700,66.0,79.0
1381,3417760,59.0,72.0
1382,3417820,49.0,67.0
1383,3418000,4.0,17.0
1384,3418040,84.0,96.0
1385,3418060,13.0,30.0
1386,3418120,26.0,40.0
1387,3418300,14.0,57.0
1388,3418330,24.0,46.0
1389,3600076,85.0,91.0
1390,3600077,88.0,94.0
1391,3600078,89.0,94.0
1392,3600079,92.0,95.0
1393,3600081,85.0,92.0
1394,3600083,86.0,88.0
1395,3600084,77.0,86.0
1396,3600085,76.0,82.0
1397,3600086,81.0,85.0
1398,3600087,86.0,89.0
1399,3600088,83.0,90.0
1400,3600090,77.0,79.0
1401,3600091,92.0,95.0
1402,3600092,82.0,89.0
1403,3600094,75.0,86.0
1404,3600095,86.0,91.0
1405,3600096,77.0,85.0
1406,3600097,73.0,82.0
1407,3600098,91.0,93.0
1408,3600099,95.0,95.0
1409,3600100,93.0,95.0
1410,3600101,83.0,89.0
1411,3600102,91.0,92.0
1412,3600103,88.0,95.0
1413,3600119,87.0,92.0
1414,3600120,78.0,89.0
1415,3600121,74.0,83.0
1416,3600122,88.0,90.0
1417,3600123,86.0,89.0
1418,3600125,85.0,97.0
1419,3600151,91.0,90.0
1420,3600152,88.0,92.0
1421,3600153,92.0,94.0
1422,3602460,80.0,91.0
1423,3603270,97.0,98.0
1424,3603840,91.0,97.0
1425,3603870,93.0,96.0
1426,3604080,91.0,94.0
1427,3604870,87.0,87.0
1428,3605280,91.0,90.0
1429,3605850,81.0,82.0
1430,3606570,96.0,96.0
1431,3606870,88.0,87.0
1432,3607530,96.0,96.0
1433,3608160,94.0,97.0
1434,3608310,93.0,90.0
1435,3608400,91.0,93.0
1436,3608880,96.0,92.0
1437,3609840,97.0,97.0
1438,3610560,84.0,90.0
1439,3610890,98.0,97.0
1440,3610980,89.0,95.0
1441,3611550,85.0,93.0
1442,3611670,94.0,96.0
1443,3612630,91.0,91.0
1444,3613080,97.0,98.0
1445,3613290,97.0,97.0
1446,3613980,97.0,98.0
1447,3614010,89.0,96.0
1448,3614130,69.0,68.0
1449,3614280,98.0,98.0
1450,3614340,75.0,92.0
1451,3614460,96.0,97.0
1452,3615090,93.0,93.0
1453,3615570,95.0,95.0
1454,3616230,92.0,94.0
1455,3616260,94.0,98.0
1456,3616290,90.0,91.0
1457,3616620,96.0,97.0
1458,3617160,97.0,98.0
1459,3617380,87.0,97.0
1460,3617520,92.0,96.0
1461,3617670,92.0,95.0
1462,3617730,93.0,95.0
1463,3618120,95.0,97.0
1464,3618240,94.0,96.0
1465,3618630,97.0,98.0
1466,3618690,74.0,89.0
1467,3619020,98.0,98.0
1468,3619200,87.0,96.0
1469,3619230,89.0,96.0
1470,3619320,92.0,96.0
1471,3619560,94.0,94.0
1472,3619650,97.0,98.0
1473,3619680,93.0,95.0
1474,3619950,95.0,97.0
1475,3620100,77.0,82.0
1476,3620340,98.0,98.0
1477,3620490,86.0,91.0
1478,3620700,84.0,87.0
1479,3620820,87.0,93.0
1480,3620910,94.0,94.0
1481,3621210,96.0,97.0
1482,3621270,98.0,98.0
1483,3621570,90.0,97.0
1484,3621900,97.0,98.0
1485,3622470,93.0,93.0
1486,3623010,90.0,93.0
1487,3623460,91.0,94.0
1488,3623580,98.0,98.0
1489,3624690,90.0,91.0
1490,3624750,67.0,74.0
1491,3624900,87.0,95.0
1492,3625170,96.0,97.0
1493,3625350,94.0,96.0
1494,3625770,96.0,95.0
1495,3626010,77.0,82.0
1496,3626520,97.0,98.0
1497,3626670,97.0,98.0
1498,3627060,96.0,97.0
1499,3627210,97.0,98.0
1500,3627300,97.0,96.0
1501,3627810,74.0,84.0
1502,3628320,95.0,97.0
1503,3628590,70.0,79.0
1504,3628950,96.0,94.0
1505,3629280,85.0,93.0
1506,3629370,82.0,88.0
1507,3629520,98.0,98.0
1508,3629880,95.0,96.0
1509,3629970,91.0,96.0
1510,3630030,92.0,96.0
1511,3630360,96.0,98.0
1512,3630540,92.0,95.0
1513,3630630,97.0,96.0
1514,3630690,96.0,98.0
1515,3630780,93.0,94.0
1516,3630960,87.0,89.0
1517,3631260,90.0,96.0
1518,3631470,98.0,98.0
1519,3631920,88.0,91.0
1520,3800014,33.0,44.0
1521,3806780,41.0,45.0
1522,3808130,35.0,41.0
1523,3813030,33.0,41.0
1524,3819410,35.0,47.0
1525,3900118,9.0,34.0
1526,3900180,36.0,55.0
1527,3900250,27.0,64.0
1528,3901534,12.0,27.0
1529,3904348,22.0,42.0
1530,3904353,28.0,57.0
1531,3904360,50.0,68.0
1532,3904366,47.0,74.0
1533,3904371,13.0,34.0
1534,3904373,68.0,86.0
1535,3904375,27.0,48.0
1536,3904378,16.0,33.0
1537,3904379,29.0,53.0
1538,3904380,13.0,32.0
1539,3904383,43.0,59.0
1540,3904384,15.0,27.0
1541,3904387,53.0,78.0
1542,3904394,30.0,57.0
1543,3904395,13.0,39.0
1544,3904408,17.0,41.0
1545,3904410,44.0,62.0
1546,3904418,55.0,77.0
1547,3904420,50.0,71.0
1548,3904421,54.0,65.0
1549,3904426,17.0,31.0
1550,3904427,71.0,83.0
1551,3904437,59.0,80.0
1552,3904438,59.0,73.0
1553,3904439,52.0,72.0
1554,3904440,23.0,47.0
1555,3904445,39.0,65.0
1556,3904450,73.0,87.0
1557,3904453,55.0,66.0
1558,3904454,63.0,67.0
1559,3904463,47.0,61.0
1560,3904467,25.0,48.0
1561,3904475,57.0,65.0
1562,3904480,42.0,63.0
1563,3904481,17.0,37.0
1564,3904483,47.0,69.0
1565,3904484,81.0,81.0
1566,3904486,69.0,77.0
1567,3904487,68.0,77.0
1568,3904490,16.0,32.0
1569,3904492,64.0,71.0
1570,3904493,86.0,85.0
1571,3904499,25.0,42.0
1572,3904504,55.0,63.0
1573,3904510,46.0,71.0
1574,3904513,52.0,68.0
1575,3904515,25.0,55.0
1576,3904516,14.0,27.0
1577,3904547,61.0,76.0
1578,3904549,68.0,84.0
1579,3904550,58.0,78.0
1580,3904558,80.0,88.0
1581,3904609,56.0,77.0
1582,3904610,44.0,64.0
1583,3904611,71.0,81.0
1584,3904635,45.0,66.0
1585,3904660,91.0,92.0
1586,3904676,80.0,87.0
1587,3904689,46.0,77.0
1588,3904694,56.0,71.0
1589,3904696,53.0,76.0
1590,3904697,26.0,44.0
1591,3904699,69.0,83.0
1592,3904700,24.0,71.0
1593,3904701,64.0,72.0
1594,3904702,69.0,80.0
1595,3904724,60.0,78.0
1596,3904734,72.0,84.0
1597,3904736,34.0,56.0
1598,3904737,59.0,78.0
1599,3904800,48.0,69.0
1600,3904804,62.0,73.0
1601,3904811,78.0,90.0
1602,3904812,82.0,84.0
1603,3904820,74.0,85.0
1604,3904822,37.0,58.0
1605,3904823,42.0,65.0
1606,3904829,53.0,68.0
1607,3904830,45.0,70.0
1608,3904870,29.0,60.0
1609,3904872,53.0,74.0
1610,3904875,31.0,57.0
1611,3904985,72.0,87.0
1612,3904992,50.0,75.0
1613,3904993,56.0,73.0
1614,3905002,77.0,91.0
1615,3905004,71.0,80.0
1616,3905007,64.0,83.0
1617,3905042,71.0,89.0
1618,3905043,65.0,75.0
1619,3905044,63.0,79.0
1620,3905045,83.0,86.0
1621,3910000,53.0,65.0
1622,3910012,52.0,63.0
1623,3910014,55.0,69.0
1624,3910029,58.0,79.0
1625,4000777,7.0,24.0
1626,4000796,6.0,19.0
1627,4000800,10.0,33.0
1628,4003630,35.0,52.0
1629,4004500,44.0,61.0
1630,4005490,23.0,38.0
1631,4007620,24.0,51.0
1632,4007740,24.0,41.0
1633,4009570,46.0,64.0
1634,4010590,51.0,70.0
1635,4010920,18.0,34.0
1636,4015720,39.0,55.0
1637,4017250,16.0,30.0
1638,4019950,16.0,30.0
1639,4020250,28.0,45.0
1640,4020970,11.0,21.0
1641,4021000,32.0,55.0
1642,4021720,39.0,53.0
1643,4022770,9.0,17.0
1644,4023280,36.0,55.0
1645,4024690,19.0,31.0
1646,4025290,16.0,33.0
1647,4026880,20.0,34.0
1648,4028680,41.0,56.0
1649,4030240,19.0,29.0
1650,4030600,26.0,38.0
1651,4033480,25.0,44.0
1652,4100023,28.0,69.0
1653,4101120,33.0,73.0
1654,4101920,42.0,75.0
1655,4102040,25.0,69.0
1656,4102800,29.0,67.0
1657,4103480,42.0,83.0
1658,4103940,30.0,67.0
1659,4104740,47.0,82.0
1660,4105160,32.0,62.0
1661,4105910,32.0,59.0
1662,4106000,23.0,64.0
1663,4106300,33.0,76.0
1664,4106510,34.0,70.0
1665,4107020,35.0,77.0
1666,4107230,65.0,87.0
1667,4108010,43.0,76.0
1668,4108040,39.0,71.0
1669,4108100,20.0,68.0
1670,4108720,29.0,64.0
1671,4108820,24.0,75.0
1672,4108830,35.0,72.0
1673,4109330,36.0,78.0
1674,4110040,28.0,63.0
1675,4110350,23.0,61.0
1676,4110520,22.0,58.0
1677,4110710,37.0,70.0
1678,4110820,38.0,74.0
1679,4110890,42.0,82.0
1680,4111290,45.0,86.0
1681,4111450,46.0,78.0
1682,4111670,22.0,60.0
1683,4112240,48.0,75.0
1684,4113170,64.0,85.0
1685,4113530,23.0,63.0
1686,4200071,44.0,61.0
1687,4200119,35.0,53.0
1688,4200127,55.0,70.0
1689,4200140,29.0,54.0
1690,4200843,15.0,21.0
1691,4202040,80.0,88.0
1692,4202280,30.0,38.0
1693,4202340,65.0,72.0
1694,4202400,91.0,93.0
1695,4202790,78.0,83.0
1696,4202850,87.0,92.0
1697,4202970,74.0,81.0
1698,4203330,56.0,64.0
1699,4203510,74.0,86.0
1700,4203570,50.0,65.0
1701,4203960,83.0,84.0
1702,4204230,49.0,63.0
1703,4204590,77.0,78.0
1704,4204890,73.0,80.0
1705,4205010,73.0,78.0
1706,4205190,64.0,74.0
1707,4205310,85.0,86.0
1708,4205400,58.0,68.0
1709,4205490,79.0,82.0
1710,4205550,61.0,70.0
1711,4205760,61.0,75.0
1712,4206240,39.0,54.0
1713,4206480,80.0,83.0
1714,4206840,70.0,79.0
1715,4206960,83.0,79.0
1716,4207110,69.0,83.0
1717,4207230,75.0,82.0
1718,4207530,75.0,88.0
1719,4207710,90.0,92.0
1720,4208550,79.0,81.0
1721,4208670,58.0,69.0
1722,4208850,59.0,68.0
1723,4209300,56.0,57.0
1724,4210070,89.0,92.0
1725,4210590,85.0,86.0
1726,4210860,68.0,78.0
1727,4210870,82.0,88.0
1728,4211610,69.0,63.0
1729,4211670,93.0,92.0
1730,4211700,40.0,56.0
1731,4211760,70.0,82.0
1732,4211790,79.0,82.0
1733,4212690,70.0,79.0
1734,4213140,37.0,44.0
1735,4214160,82.0,91.0
1736,4214250,83.0,86.0
1737,4214580,84.0,82.0
1738,4215290,51.0,66.0
1739,4215330,78.0,80.0
1740,4215830,81.0,84.0
1741,4216110,92.0,94.0
1742,4216380,83.0,84.0
1743,4216410,76.0,75.0
1744,4216980,53.0,61.0
1745,4217010,91.0,93.0
1746,4217220,82.0,81.0
1747,4217280,83.0,87.0
1748,4217370,72.0,77.0
1749,4217940,74.0,87.0
1750,4218270,79.0,84.0
1751,4218300,59.0,68.0
1752,4218510,77.0,88.0
1753,4218630,81.0,82.0
1754,4218660,85.0,92.0
1755,4218750,77.0,81.0
1756,4218840,75.0,83.0
1757,4218930,83.0,90.0
1758,4218960,93.0,94.0
1759,4218990,38.0,48.0
1760,4219170,49.0,61.0
1761,4219290,66.0,79.0
1762,4219470,84.0,89.0
1763,4219500,59.0,59.0
1764,4219890,84.0,86.0
1765,4220040,38.0,54.0
1766,4220100,70.0,78.0
1767,4220370,67.0,76.0
1768,4220550,80.0,88.0
1769,4221090,47.0,60.0
1770,4221200,69.0,78.0
1771,4221870,78.0,88.0
1772,4222440,81.0,84.0
1773,4222560,89.0,92.0
1774,4222770,83.0,82.0
1775,4222860,68.0,82.0
1776,4223640,94.0,91.0
1777,4224210,90.0,93.0
1778,4224320,49.0,63.0
1779,4224390,80.0,89.0
1780,4224570,90.0,94.0
1781,4224820,63.0,70.0
1782,4224960,75.0,78.0
1783,4225110,79.0,76.0
1784,4225290,88.0,86.0
1785,4225830,67.0,78.0
1786,4226250,63.0,70.0
1787,4226300,36.0,52.0
1788,4226460,75.0,80.0
1789,4226580,83.0,88.0
1790,4226810,64.0,66.0
1791,7200030,11.0,41.0
1792,4400210,26.0,51.0
1793,4400240,27.0,49.0
1794,4400270,41.0,66.0
1795,4400330,18.0,42.0
1796,4400750,59.0,81.0
1797,4400840,10.0,23.0
1798,4400900,15.0,27.0
1799,4401110,25.0,51.0
1800,4401200,14.0,33.0
1801,4500720,49.0,66.0
1802,4500780,61.0,79.0
1803,4500900,52.0,70.0
1804,4501110,73.0,82.0
1805,4501170,57.0,73.0
1806,4501440,65.0,78.0
1807,4501500,50.0,73.0
1808,4501560,53.0,69.0
1809,4501860,47.0,56.0
1810,4502010,61.0,85.0
1811,4502130,51.0,68.0
1812,4502280,44.0,65.0
1813,4502310,60.0,78.0
1814,4502340,45.0,56.0
1815,4502490,69.0,83.0
1816,4502550,56.0,75.0
1817,4502580,50.0,67.0
1818,4502700,74.0,79.0
1819,4502730,39.0,66.0
1820,4502820,60.0,83.0
1821,4503060,50.0,76.0
1822,4503210,39.0,61.0
1823,4503330,49.0,79.0
1824,4503360,35.0,72.0
1825,4503390,67.0,81.0
1826,4503510,67.0,82.0
1827,4503600,75.0,82.0
1828,4503630,60.0,80.0
1829,4503660,50.0,78.0
1830,4503810,54.0,66.0
1831,4503840,69.0,76.0
1832,4503870,61.0,73.0
1833,4503900,86.0,90.0
1834,4503901,60.0,83.0
1835,4503902,38.0,62.0
1836,4602070,37.0,66.0
1837,4659820,46.0,70.0
1838,4666270,47.0,66.0
1839,4700001,17.0,45.0
1840,4700090,16.0,31.0
1841,4700147,2.0,5.0
1842,4700148,6.0,18.0
1843,4700149,28.0,48.0
1844,4700151,11.0,62.0
1845,4700152,20.0,53.0
1846,4700153,18.0,45.0
1847,4700180,9.0,22.0
1848,4700300,18.0,31.0
1849,4700330,18.0,37.0
1850,4700360,33.0,48.0
1851,4700420,7.0,24.0
1852,4700510,13.0,28.0
1853,4700570,7.0,29.0
1854,4700630,16.0,31.0
1855,4700690,14.0,38.0
1856,4700750,16.0,30.0
1857,4700780,17.0,43.0
1858,4700900,24.0,41.0
1859,4701020,13.0,42.0
1860,4701290,17.0,33.0
1861,4701400,41.0,50.0
1862,4701470,27.0,40.0
1863,4701590,8.0,31.0
1864,4701740,17.0,33.0
1865,4701800,34.0,52.0
1866,4702100,25.0,39.0
1867,4702130,57.0,60.0
1868,4702190,34.0,52.0
1869,4702220,12.0,43.0
1870,4702310,15.0,26.0
1871,4702340,28.0,37.0
1872,4702580,9.0,28.0
1873,4702670,22.0,39.0
1874,4702760,9.0,23.0
1875,4702820,14.0,32.0
1876,4702880,14.0,28.0
1877,4703000,22.0,32.0
1878,4703030,19.0,38.0
1879,4703180,7.0,23.0
1880,4703240,12.0,53.0
1881,4703480,16.0,33.0
1882,4703510,31.0,35.0
1883,4703590,9.0,41.0
1884,4703600,14.0,33.0
1885,4703690,20.0,41.0
1886,4703780,24.0,32.0
1887,4703990,21.0,36.0
1888,4704020,34.0,42.0
1889,4704080,13.0,33.0
1890,4704350,8.0,35.0
1891,4704380,25.0,49.0
1892,4704530,31.0,61.0
1893,4704550,14.0,45.0
1894,4800008,59.0,76.0
1895,4800010,35.0,44.0
1896,4800016,10.0,9.0
1897,4800030,22.0,46.0
1898,4800054,35.0,45.0
1899,4800055,32.0,43.0
1900,4800093,2.0,9.0
1901,4800207,14.0,33.0
1902,4800209,69.0,53.0
1903,4800210,71.0,50.0
1904,4800292,45.0,55.0
1905,4801440,47.0,55.0
1906,4807350,63.0,60.0
1907,4807440,49.0,35.0
1908,4807710,35.0,26.0
1909,4807780,54.0,70.0
1910,4807800,35.0,26.0
1911,4807830,33.0,32.0
1912,4807890,67.0,74.0
1913,4808090,41.0,39.0
1914,4808130,43.0,36.0
1915,4808280,54.0,37.0
1916,4808310,43.0,38.0
1917,4808700,35.0,39.0
1918,4808940,53.0,51.0
1919,4809200,56.0,43.0
1920,4809450,77.0,66.0
1921,4809570,26.0,31.0
1922,4809670,24.0,30.0
1923,4809720,36.0,26.0
1924,4809860,38.0,49.0
1925,4810200,20.0,26.0
1926,4810230,44.0,46.0
1927,4810710,67.0,78.0
1928,4811190,21.0,35.0
1929,4811280,37.0,38.0
1930,4811680,60.0,42.0
1931,4811790,19.0,30.0
1932,4812180,45.0,50.0
1933,4812420,56.0,52.0
1934,4812780,29.0,41.0
1935,4812810,51.0,49.0
1936,4813020,79.0,87.0
1937,4813050,40.0,40.0
1938,4813230,35.0,32.0
1939,4813590,32.0,35.0
1940,4814280,59.0,60.0
1941,4814310,15.0,41.0
1942,4814370,20.0,31.0
1943,4814430,38.0,34.0
1944,4814730,58.0,60.0
1945,4815000,50.0,57.0
1946,4815180,69.0,60.0
1947,4815210,55.0,79.0
1948,4815240,35.0,45.0
1949,4815270,53.0,34.0
1950,4815330,61.0,40.0
1951,4815750,45.0,43.0
1952,4815910,38.0,37.0
1953,4816110,57.0,54.0
1954,4816230,43.0,32.0
1955,4816410,44.0,32.0
1956,4816530,56.0,49.0
1957,4816620,29.0,27.0
1958,4816740,51.0,49.0
1959,4816860,19.0,26.0
1960,4817070,45.0,37.0
1961,4817390,31.0,23.0
1962,4817610,61.0,25.0
1963,4817640,22.0,32.0
1964,4817700,42.0,50.0
1965,4817730,59.0,43.0
1966,4817850,7.0,27.0
1967,4818000,20.0,29.0
1968,4818060,38.0,29.0
1969,4818150,28.0,20.0
1970,4818180,41.0,26.0
1971,4818280,27.0,39.0
1972,4818300,49.0,35.0
1973,4818360,17.0,28.0
1974,4818540,44.0,42.0
1975,4818810,45.0,31.0
1976,4819350,37.0,42.0
1977,4819380,58.0,62.0
1978,4819560,57.0,57.0
1979,4819650,52.0,55.0
1980,4819700,32.0,23.0
1981,4819830,38.0,53.0
1982,4819950,77.0,70.0
1983,4820010,72.0,79.0
1984,4820250,50.0,39.0
1985,4820280,26.0,31.0
1986,4820340,40.0,44.0
1987,4820600,22.0,51.0
1988,4821150,40.0,34.0
1989,4821390,22.0,27.0
1990,4821420,50.0,33.0
1991,4821660,56.0,76.0
1992,4821720,34.0,36.0
1993,4822170,46.0,58.0
1994,4822470,36.0,31.0
1995,4822530,48.0,40.0
1996,4823010,34.0,27.0
1997,4823250,81.0,92.0
1998,4823640,28.0,33.0
1999,4823910,39.0,55.0
2000,4824030,8.0,33.0
2001,4824060,67.0,66.0
2002,4824100,37.0,51.0
2003,4824420,36.0,30.0
2004,4824930,64.0,47.0
2005,4824990,30.0,40.0
2006,4825170,65.0,67.0
2007,4825200,36.0,41.0
2008,4825260,62.0,66.0
2009,4825590,60.0,55.0
2010,4825620,36.0,40.0
2011,4825660,29.0,38.0
2012,4825740,38.0,45.0
2013,4826130,43.0,29.0
2014,4826190,35.0,44.0
2015,4826470,58.0,77.0
2016,4826580,56.0,51.0
2017,4826670,26.0,32.0
2018,4826790,49.0,27.0
2019,4827030,59.0,74.0
2020,4827300,69.0,64.0
2021,4827720,36.0,45.0
2022,4827780,34.0,29.0
2023,4827870,13.0,28.0
2024,4828110,38.0,44.0
2025,4828290,67.0,53.0
2026,4828500,25.0,40.0
2027,4828550,49.0,34.0
2028,4828740,43.0,51.0
2029,4828890,35.0,28.0
2030,4828920,43.0,55.0
2031,4829010,22.0,33.0
2032,4829160,20.0,29.0
2033,4829670,34.0,43.0
2034,4829850,52.0,61.0
2035,4830060,47.0,47.0
2036,4830250,41.0,37.0
2037,4830390,37.0,36.0
2038,4830570,43.0,31.0
2039,4830600,43.0,51.0
2040,4830640,61.0,60.0
2041,4831040,46.0,35.0
2042,4831260,67.0,60.0
2043,4831760,51.0,36.0
2044,4832090,17.0,27.0
2045,4832280,52.0,54.0
2046,4832400,36.0,33.0
2047,4832940,45.0,55.0
2048,4833120,49.0,49.0
2049,4833180,47.0,62.0
2050,4834170,47.0,36.0
2051,4834320,39.0,34.0
2052,4834440,57.0,61.0
2053,4834830,38.0,47.0
2054,4834860,54.0,33.0
2055,4835070,48.0,31.0
2056,4835100,51.0,67.0
2057,4835400,30.0,26.0
2058,4835430,57.0,49.0
2059,4836000,78.0,75.0
2060,4836660,49.0,40.0
2061,4837020,42.0,49.0
2062,4837140,38.0,34.0
2063,4837150,63.0,73.0
2064,4837650,47.0,64.0
2065,4837740,42.0,31.0
2066,4838080,46.0,63.0
2067,4838220,39.0,53.0
2068,4838700,25.0,32.0
2069,4838730,23.0,25.0
2070,4838790,35.0,31.0
2071,4838900,41.0,24.0
2072,4838970,20.0,35.0
2073,4839270,22.0,34.0
2074,4839480,64.0,58.0
2075,4839690,24.0,29.0
2076,4839930,65.0,64.0
2077,4839990,26.0,25.0
2078,4840080,17.0,33.0
2079,4840680,30.0,29.0
2080,4840710,52.0,43.0
2081,4840920,36.0,25.0
2082,4840950,21.0,31.0
2083,4841070,23.0,34.0
2084,4841100,37.0,49.0
2085,4841220,24.0,25.0
2086,4842330,43.0,27.0
2087,4842480,22.0,42.0
2088,4842510,27.0,29.0
2089,4842960,70.0,69.0
2090,4843470,26.0,36.0
2091,4843650,64.0,43.0
2092,4843720,18.0,25.0
2093,4843800,55.0,42.0
2094,4844150,34.0,33.0
2095,4844160,53.0,39.0
2096,4844280,42.0,25.0
2097,4844430,50.0,44.0
2098,4844730,33.0,49.0
2099,4844800,45.0,51.0
2100,4844960,36.0,24.0
2101,4845540,26.0,40.0
2102,4845600,42.0,55.0
2103,4845780,34.0,36.0
2104,4845900,30.0,34.0
2105,4846530,70.0,66.0
2106,4846680,67.0,43.0
2107,4900030,50.0,47.0
2108,4900090,43.0,49.0
2109,4900120,55.0,52.0
2110,4900142,50.0,44.0
2111,4900210,46.0,43.0
2112,4900240,40.0,39.0
2113,4900360,29.0,31.0
2114,4900390,41.0,39.0
2115,4900420,41.0,39.0
2116,4900600,36.0,45.0
2117,4900630,43.0,38.0
2118,4900720,21.0,30.0
2119,4900810,38.0,45.0
2120,4900870,30.0,34.0
2121,4900930,44.0,41.0
2122,4901050,37.0,37.0
2123,4901080,34.0,36.0
2124,4901110,33.0,49.0
2125,4901140,44.0,44.0
2126,4901200,38.0,32.0
2127,5300003,29.0,66.0
2128,5300240,45.0,75.0
2129,5300300,36.0,69.0
2130,5300330,79.0,93.0
2131,5300380,43.0,73.0
2132,5300390,77.0,87.0
2133,5300420,57.0,80.0
2134,5300480,33.0,63.0
2135,5300810,64.0,86.0
2136,5301080,48.0,76.0
2137,5301110,46.0,81.0
2138,5301230,39.0,64.0
2139,5301410,31.0,62.0
2140,5302280,41.0,73.0
2141,5302310,30.0,67.0
2142,5302400,51.0,79.0
2143,5302670,45.0,77.0
2144,5302700,37.0,67.0
2145,5302820,29.0,63.0
2146,5302850,32.0,67.0
2147,5302940,28.0,60.0
2148,5303540,38.0,68.0
2149,5303750,79.0,89.0
2150,5303930,36.0,72.0
2151,5303960,43.0,70.0
2152,5304200,47.0,80.0
2153,5304230,75.0,91.0
2154,5304470,35.0,63.0
2155,5304860,33.0,63.0
2156,5304920,51.0,80.0
2157,5304980,86.0,95.0
2158,5305130,49.0,76.0
2159,5305220,33.0,63.0
2160,5305400,29.0,64.0
2161,5305430,53.0,75.0
2162,5305760,52.0,80.0
2163,5305850,38.0,73.0
2164,5305910,70.0,89.0
2165,5305940,41.0,77.0
2166,5306180,65.0,89.0
2167,5306220,32.0,74.0
2168,5306570,24.0,53.0
2169,5306690,50.0,81.0
2170,5306960,40.0,75.0
2171,5307020,15.0,54.0
2172,5307230,50.0,75.0
2173,5307320,45.0,78.0
2174,5307710,58.0,81.0
2175,5307900,27.0,62.0
2176,5307920,62.0,84.0
2177,5308020,57.0,82.0
2178,5308040,65.0,87.0
2179,5308160,33.0,72.0
2180,5308250,39.0,66.0
2181,5308340,46.0,79.0
2182,5308610,50.0,83.0
2183,5308670,22.0,49.0
2184,5308700,31.0,63.0
2185,5308760,60.0,88.0
2186,5308970,13.0,44.0
2187,5309100,47.0,79.0
2188,5309180,56.0,82.0
2189,5309270,35.0,63.0
2190,5309450,32.0,63.0
2191,5309660,32.0,59.0
2192,5309690,31.0,63.0
2193,5309720,46.0,69.0
2194,5310110,21.0,54.0
2195,5310140,32.0,76.0
2196,5400060,24.0,55.0
2197,5400180,22.0,52.0
2198,5400300,12.0,39.0
2199,5400390,24.0,56.0
2200,5400510,29.0,57.0
2201,5400570,37.0,59.0
2202,5400600,29.0,55.0
2203,5400690,15.0,41.0
2204,5400720,27.0,58.0
2205,5400750,20.0,47.0
2206,5400840,21.0,45.0
2207,5400930,42.0,62.0
2208,5401050,29.0,56.0
2209,5401200,38.0,64.0
2210,5401230,27.0,47.0
2211,5401500,16.0,47.0
2212,5401620,23.0,53.0
2213,5500390,37.0,42.0
2214,5501050,14.0,16.0
2215,5501770,64.0,69.0
2216,5502550,30.0,35.0
2217,5503210,46.0,58.0
2218,5503510,51.0,60.0
2219,5504050,39.0,43.0
2220,5504680,36.0,32.0
2221,5504830,50.0,58.0
2222,5505160,61.0,58.0
2223,5505820,24.0,21.0
2224,5506030,62.0,60.0
2225,5506120,39.0,51.0
2226,5506180,67.0,59.0
2227,5506630,48.0,48.0
2228,5506690,55.0,47.0
2229,5507020,29.0,30.0
2230,5507320,23.0,32.0
2231,5507470,41.0,44.0
2232,5507530,33.0,39.0
2233,5507650,36.0,35.0
2234,5508520,40.0,47.0
2235,5508610,30.0,25.0
2236,5508910,25.0,32.0
2237,5509060,57.0,67.0
2238,5509130,63.0,70.0
2239,5509510,55.0,61.0
2240,5509600,10.0,18.0
2241,5510060,58.0,56.0
2242,5510170,53.0,54.0
2243,5510320,43.0,48.0
2244,5510470,55.0,58.0
2245,5510830,38.0,36.0
2246,5510890,43.0,46.0
2247,5511190,37.0,33.0
2248,5512360,13.0,22.0
2249,5513170,40.0,43.0
2250,5513650,26.0,26.0
2251,5514490,33.0,39.0
2252,5514640,44.0,46.0
2253,5514670,34.0,36.0
2254,5515330,46.0,50.0
2255,5515750,33.0,34.0
2256,5515780,36.0,41.0
2257,5515900,31.0,36.0
2258,5515990,41.0,42.0
2259,5516260,22.0,22.0
2260,5516290,44.0,37.0
2261,5517070,33.0,34.0
2262,5600730,50.0,46.0
2263,5601470,37.0,38.0
2264,5601980,36.0,42.0
2265,5602760,44.0,40.0
2266,5604060,47.0,63.0
2267,5604510,39.0,45.0
2268,5605220,37.0,43.0
2269,5605302,36.0,41.0
2270,5605695,66.0,75.0
2271,5605762,40.0,52.0
2272,5605830,58.0,60.0
